{"version": 0.6, "generator": "Overpass API 0.7.61.8 b1080abd", "osm3s": {"timestamp_osm_base": "2026-01-04T18:02:44Z", "copyright": "The data included in this document is from www.openstreetmap.org. The data is made available under ODbL."}, "elements": [{"type": "node", "id": 4410974049, "lat": 9.716189, "lon": 114.2868577}, {"type": "node", "id": 5207582470, "lat": 9.7159864, "lon": 114.2871138}, {"type": "node", "id": 5207582471, "lat": 9.7162526, "lon": 114.2872753}, {"type": "node", "id": 5207582472, "lat": 9.7164159, "lon": 114.2869981}, {"type": "node", "id": 5207582473, "lat": 9.7161498, "lon": 114.2868366}, {"type": "way", "id": 537866808, "nodes": [5207582473, 4410974049, 5207582472, 5207582471, 5207582470, 5207582473], "tags": {"aeroway": "helipad", "surface": "concrete"}}]}