{"version": 0.6, "generator": "Overpass API 0.7.61.8 b1080abd", "osm3s": {"timestamp_osm_base": "2026-01-04T20:28:45Z", "copyright": "The data included in this document is from www.openstreetmap.org. The data is made available under ODbL."}, "elements": [{"type": "node", "id": 6584044697, "lat": 8.8644062, "lon": 112.2560558, "tags": {"man_made": "tower", "tower:type": "communication"}}, {"type": "node", "id": 6584044877, "lat": 8.8669292, "lon": 112.2562268}, {"type": "node", "id": 6584044878, "lat": 8.8669077, "lon": 112.2562157}, {"type": "node", "id": 6584044879, "lat": 8.8669215, "lon": 112.2561885}, {"type": "node", "id": 6584044880, "lat": 8.866943, "lon": 112.2561996}, {"type": "way", "id": 701076529, "nodes": [6584044880, 6584044879, 6584044878, 6584044877, 6584044880], "tags": {"building:part": "yes", "man_made": "tower"}}]}