{"version": 0.6, "generator": "Overpass API 0.7.61.8 b1080abd", "osm3s": {"timestamp_osm_base": "2026-01-05T14:35:44Z", "copyright": "The data included in this document is from www.openstreetmap.org. The data is made available under ODbL."}, "elements": [{"type": "node", "id": 1915785294, "lat": 16.4476002, "lon": 111.7106633, "tags": {"man_made": "tower"}}, {"type": "node", "id": 4856093402, "lat": 16.4533179, "lon": 111.7097757, "tags": {"man_made": "tower", "tower:type": "communication"}}, {"type": "node", "id": 7433859881, "lat": 16.4463053, "lon": 111.7056307, "tags": {"man_made": "tower"}}, {"type": "node", "id": 7433859882, "lat": 16.4532144, "lon": 111.7135861, "tags": {"man_made": "tower", "tower:type": "communication"}}, {"type": "node", "id": 7433859883, "lat": 16.4541416, "lon": 111.7120021, "tags": {"building": "yes", "man_made": "tower", "roof:shape": "dome", "tower:construction": "dome", "tower:type": "radar"}}, {"type": "node", "id": 7433880409, "lat": 16.4516643, "lon": 111.7139887}, {"type": "node", "id": 7433880410, "lat": 16.4516546, "lon": 111.7139785}, {"type": "node", "id": 7433880411, "lat": 16.4515884, "lon": 111.7140194}, {"type": "node", "id": 7433880412, "lat": 16.4515923, "lon": 111.7140332}, {"type": "node", "id": 7433880413, "lat": 16.4516003, "lon": 111.714045}, {"type": "node", "id": 7433880414, "lat": 16.4516422, "lon": 111.7139721}, {"type": "node", "id": 7433880415, "lat": 16.4516285, "lon": 111.7139703}, {"type": "node", "id": 7433880416, "lat": 16.4516149, "lon": 111.7139733}, {"type": "node", "id": 7433880417, "lat": 16.4516031, "lon": 111.7139806}, {"type": "node", "id": 7433880418, "lat": 16.4515941, "lon": 111.7139916}, {"type": "node", "id": 7433880419, "lat": 16.451589, "lon": 111.714005}, {"type": "node", "id": 7433880420, "lat": 16.4516116, "lon": 111.7140534}, {"type": "node", "id": 7433880421, "lat": 16.4516248, "lon": 111.7140575}, {"type": "node", "id": 7433880422, "lat": 16.4516386, "lon": 111.714057}, {"type": "node", "id": 7433880423, "lat": 16.4516515, "lon": 111.7140517}, {"type": "node", "id": 7433880424, "lat": 16.4516621, "lon": 111.7140424}, {"type": "node", "id": 7433880425, "lat": 16.4516692, "lon": 111.7140301}, {"type": "node", "id": 7433880426, "lat": 16.4516721, "lon": 111.7140159}, {"type": "node", "id": 7433880427, "lat": 16.4516704, "lon": 111.7140016}, {"type": "node", "id": 7433880428, "lat": 16.4507718, "lon": 111.7141609}, {"type": "node", "id": 7433880429, "lat": 16.4507851, "lon": 111.714165}, {"type": "node", "id": 7433880430, "lat": 16.4507989, "lon": 111.7141645}, {"type": "node", "id": 7433880431, "lat": 16.4508118, "lon": 111.7141592}, {"type": "node", "id": 7433880432, "lat": 16.4508224, "lon": 111.7141499}, {"type": "node", "id": 7433880433, "lat": 16.4508295, "lon": 111.7141376}, {"type": "node", "id": 7433880434, "lat": 16.4508323, "lon": 111.7141234}, {"type": "node", "id": 7433880435, "lat": 16.4508306, "lon": 111.7141091}, {"type": "node", "id": 7433880436, "lat": 16.4508245, "lon": 111.7140962}, {"type": "node", "id": 7433880437, "lat": 16.4508148, "lon": 111.714086}, {"type": "node", "id": 7433880438, "lat": 16.4508024, "lon": 111.7140796}, {"type": "node", "id": 7433880439, "lat": 16.4507887, "lon": 111.7140778}, {"type": "node", "id": 7433880440, "lat": 16.4507752, "lon": 111.7140808}, {"type": "node", "id": 7433880441, "lat": 16.4507633, "lon": 111.7140881}, {"type": "node", "id": 7433880442, "lat": 16.4507543, "lon": 111.7140991}, {"type": "node", "id": 7433880443, "lat": 16.4507493, "lon": 111.7141125}, {"type": "node", "id": 7433880444, "lat": 16.4507487, "lon": 111.7141269}, {"type": "node", "id": 7433880445, "lat": 16.4507526, "lon": 111.7141407}, {"type": "node", "id": 7433880446, "lat": 16.4507606, "lon": 111.7141525}, {"type": "node", "id": 7433880489, "lat": 16.4524425, "lon": 111.7064753, "tags": {"man_made": "tower"}}, {"type": "node", "id": 7433880490, "lat": 16.4523836, "lon": 111.700021, "tags": {"man_made": "tower"}}, {"type": "node", "id": 7433880525, "lat": 16.4544163, "lon": 111.7054987, "tags": {"man_made": "tower"}}, {"type": "node", "id": 7433880526, "lat": 16.4551598, "lon": 111.7087537, "tags": {"man_made": "tower"}}, {"type": "node", "id": 7433880527, "lat": 16.4541561, "lon": 111.7106514}, {"type": "node", "id": 7433880528, "lat": 16.4541694, "lon": 111.7106556}, {"type": "node", "id": 7433880529, "lat": 16.4541832, "lon": 111.710655}, {"type": "node", "id": 7433880530, "lat": 16.4541961, "lon": 111.7106498}, {"type": "node", "id": 7433880531, "lat": 16.4542066, "lon": 111.7106405}, {"type": "node", "id": 7433880532, "lat": 16.4542137, "lon": 111.7106281}, {"type": "node", "id": 7433880533, "lat": 16.4542166, "lon": 111.710614}, {"type": "node", "id": 7433880534, "lat": 16.4542149, "lon": 111.7105997}, {"type": "node", "id": 7433880535, "lat": 16.4542088, "lon": 111.7105867}, {"type": "node", "id": 7433880536, "lat": 16.4541991, "lon": 111.7105765}, {"type": "node", "id": 7433880537, "lat": 16.4541867, "lon": 111.7105702}, {"type": "node", "id": 7433880538, "lat": 16.454173, "lon": 111.7105684}, {"type": "node", "id": 7433880539, "lat": 16.4541595, "lon": 111.7105713}, {"type": "node", "id": 7433880540, "lat": 16.4541476, "lon": 111.7105787}, {"type": "node", "id": 7433880541, "lat": 16.4541386, "lon": 111.7105896}, {"type": "node", "id": 7433880542, "lat": 16.4541336, "lon": 111.710603}, {"type": "node", "id": 7433880543, "lat": 16.454133, "lon": 111.7106174}, {"type": "node", "id": 7433880544, "lat": 16.4541369, "lon": 111.7106312}, {"type": "node", "id": 7433880545, "lat": 16.4541449, "lon": 111.710643}, {"type": "node", "id": 7433880658, "lat": 16.44942, "lon": 111.7149961, "tags": {"man_made": "tower"}}, {"type": "node", "id": 7433880725, "lat": 16.4528927, "lon": 111.7002462, "tags": {"man_made": "tower"}}, {"type": "node", "id": 7433880726, "lat": 16.4541005, "lon": 111.7032527, "tags": {"man_made": "tower"}}, {"type": "node", "id": 7609520261, "lat": 16.4460721, "lon": 111.7090476, "tags": {"man_made": "tower"}}, {"type": "node", "id": 9742417688, "lat": 16.4523557, "lon": 111.7139772}, {"type": "node", "id": 9742417689, "lat": 16.452369, "lon": 111.7139814}, {"type": "node", "id": 9742417690, "lat": 16.4523828, "lon": 111.7139808}, {"type": "node", "id": 9742417691, "lat": 16.4523957, "lon": 111.7139756}, {"type": "node", "id": 9742417692, "lat": 16.4524062, "lon": 111.7139663}, {"type": "node", "id": 9742417693, "lat": 16.4524133, "lon": 111.7139539}, {"type": "node", "id": 9742417694, "lat": 16.4524162, "lon": 111.7139398}, {"type": "node", "id": 9742417695, "lat": 16.4524145, "lon": 111.7139255}, {"type": "node", "id": 9742417696, "lat": 16.4524084, "lon": 111.7139125}, {"type": "node", "id": 9742417697, "lat": 16.4523987, "lon": 111.7139023}, {"type": "node", "id": 9742417698, "lat": 16.4523863, "lon": 111.713896}, {"type": "node", "id": 9742417699, "lat": 16.4523726, "lon": 111.7138942}, {"type": "node", "id": 9742417700, "lat": 16.4523591, "lon": 111.7138971}, {"type": "node", "id": 9742417701, "lat": 16.4523472, "lon": 111.7139045}, {"type": "node", "id": 9742417702, "lat": 16.4523382, "lon": 111.7139154}, {"type": "node", "id": 9742417703, "lat": 16.4523332, "lon": 111.7139288}, {"type": "node", "id": 9742417704, "lat": 16.4523326, "lon": 111.7139432}, {"type": "node", "id": 9742417705, "lat": 16.4523365, "lon": 111.713957}, {"type": "node", "id": 9742417706, "lat": 16.4523445, "lon": 111.7139688}, {"type": "node", "id": 9742417707, "lat": 16.4507075, "lon": 111.713587}, {"type": "node", "id": 9742417708, "lat": 16.4507208, "lon": 111.7135912}, {"type": "node", "id": 9742417709, "lat": 16.4507346, "lon": 111.7135906}, {"type": "node", "id": 9742417710, "lat": 16.4507475, "lon": 111.7135854}, {"type": "node", "id": 9742417711, "lat": 16.450758, "lon": 111.7135761}, {"type": "node", "id": 9742417712, "lat": 16.4507651, "lon": 111.7135637}, {"type": "node", "id": 9742417713, "lat": 16.450768, "lon": 111.7135496}, {"type": "node", "id": 9742417714, "lat": 16.4507663, "lon": 111.7135353}, {"type": "node", "id": 9742417715, "lat": 16.4507602, "lon": 111.7135223}, {"type": "node", "id": 9742417716, "lat": 16.4507505, "lon": 111.7135121}, {"type": "node", "id": 9742417717, "lat": 16.4507381, "lon": 111.7135058}, {"type": "node", "id": 9742417718, "lat": 16.4507244, "lon": 111.713504}, {"type": "node", "id": 9742417719, "lat": 16.4507109, "lon": 111.7135069}, {"type": "node", "id": 9742417720, "lat": 16.450699, "lon": 111.7135143}, {"type": "node", "id": 9742417721, "lat": 16.45069, "lon": 111.7135252}, {"type": "node", "id": 9742417722, "lat": 16.450685, "lon": 111.7135386}, {"type": "node", "id": 9742417723, "lat": 16.4506844, "lon": 111.713553}, {"type": "node", "id": 9742417724, "lat": 16.4506883, "lon": 111.7135668}, {"type": "node", "id": 9742417725, "lat": 16.4506963, "lon": 111.7135786}, {"type": "way", "id": 794787691, "nodes": [7433880420, 7433880421, 7433880422, 7433880423, 7433880424, 7433880425, 7433880426, 7433880427, 7433880409, 7433880410, 7433880414, 7433880415, 7433880416, 7433880417, 7433880418, 7433880419, 7433880411, 7433880412, 7433880413, 7433880420], "tags": {"building": "yes", "man_made": "tower", "roof:shape": "dome", "tower:construction": "dome", "tower:type": "radar"}}, {"type": "way", "id": 794787692, "nodes": [7433880428, 7433880429, 7433880430, 7433880431, 7433880432, 7433880433, 7433880434, 7433880435, 7433880436, 7433880437, 7433880438, 7433880439, 7433880440, 7433880441, 7433880442, 7433880443, 7433880444, 7433880445, 7433880446, 7433880428], "tags": {"building": "yes", "man_made": "tower", "roof:shape": "dome", "tower:construction": "dome", "tower:type": "radar"}}, {"type": "way", "id": 794787699, "nodes": [7433880527, 7433880528, 7433880529, 7433880530, 7433880531, 7433880532, 7433880533, 7433880534, 7433880535, 7433880536, 7433880537, 7433880538, 7433880539, 7433880540, 7433880541, 7433880542, 7433880543, 7433880544, 7433880545, 7433880527], "tags": {"building": "yes", "man_made": "tower", "roof:shape": "dome", "tower:construction": "dome", "tower:type": "communication"}}, {"type": "way", "id": 1060384024, "nodes": [9742417688, 9742417689, 9742417690, 9742417691, 9742417692, 9742417693, 9742417694, 9742417695, 9742417696, 9742417697, 9742417698, 9742417699, 9742417700, 9742417701, 9742417702, 9742417703, 9742417704, 9742417705, 9742417706, 9742417688], "tags": {"building": "yes", "man_made": "tower", "roof:shape": "dome", "tower:construction": "dome", "tower:type": "radar"}}, {"type": "way", "id": 1060384025, "nodes": [9742417707, 9742417708, 9742417709, 9742417710, 9742417711, 9742417712, 9742417713, 9742417714, 9742417715, 9742417716, 9742417717, 9742417718, 9742417719, 9742417720, 9742417721, 9742417722, 9742417723, 9742417724, 9742417725, 9742417707], "tags": {"building": "yes", "man_made": "tower", "roof:shape": "dome", "tower:construction": "dome", "tower:type": "radar"}}]}