{"version": 0.6, "generator": "Overpass API 0.7.61.8 b1080abd", "osm3s": {"timestamp_osm_base": "2026-01-05T15:03:16Z", "copyright": "The data included in this document is from www.openstreetmap.org. The data is made available under ODbL."}, "elements": [{"type": "node", "id": 7436318489, "lat": 16.5763149, "lon": 111.6751594}, {"type": "node", "id": 7436318490, "lat": 16.5762801, "lon": 111.6751395}, {"type": "node", "id": 7436318491, "lat": 16.5762671, "lon": 111.6751642}, {"type": "node", "id": 7436318492, "lat": 16.5756912, "lon": 111.6748353}, {"type": "node", "id": 7436318493, "lat": 16.5756735, "lon": 111.6748689}, {"type": "node", "id": 7436318494, "lat": 16.5762508, "lon": 111.6751987}, {"type": "node", "id": 7436318495, "lat": 16.5762323, "lon": 111.6752341}, {"type": "node", "id": 7436318496, "lat": 16.5762657, "lon": 111.6752531}, {"type": "way", "id": 795081112, "nodes": [7436318489, 7436318490, 7436318491, 7436318492, 7436318493, 7436318494, 7436318495, 7436318496, 7436318489], "tags": {"amenity": "ferry_terminal", "building": "yes", "ferry": "yes", "name": "\u5168\u5bcc\u5c9b\u7801\u5934", "name:vi": "B\u1ebfn t\u00e0u \u0110\u1ea3o To\u00e0n Ph\u00fa", "name:zh-Hant": "\u5168\u5bcc\u5cf6\u78bc\u982d", "public_transport": "station"}}]}