{"version": 0.6, "generator": "Overpass API 0.7.61.8 b1080abd", "osm3s": {"timestamp_osm_base": "2026-01-04T18:21:15Z", "copyright": "The data included in this document is from www.openstreetmap.org. The data is made available under ODbL."}, "elements": [{"type": "node", "id": 1915694085, "lat": 16.6641894, "lon": 112.7376853, "tags": {"building": "yes", "man_made": "tower"}}, {"type": "node", "id": 7436745615, "lat": 16.6664813, "lon": 112.7253459, "tags": {"man_made": "tower", "tower:type": "watchtower"}}, {"type": "node", "id": 7436747400, "lat": 16.6603599, "lon": 112.7354802, "tags": {"man_made": "tower", "tower:type": "watchtower"}}, {"type": "node", "id": 7436747401, "lat": 16.6616538, "lon": 112.7391115, "tags": {"man_made": "tower"}}, {"type": "node", "id": 7436747442, "lat": 16.6725699, "lon": 112.7314612, "tags": {"man_made": "tower", "tower:type": "watchtower"}}, {"type": "node", "id": 7436747443, "lat": 16.6706152, "lon": 112.7258032, "tags": {"man_made": "tower", "roof:shape": "dome", "tower:construction": "concrete", "tower:type": "radar"}}, {"type": "node", "id": 7436747444, "lat": 16.6705857, "lon": 112.7242095, "tags": {"man_made": "tower", "roof:shape": "dome", "tower:construction": "concrete", "tower:type": "radar"}}, {"type": "node", "id": 7436747445, "lat": 16.6739717, "lon": 112.7222588, "tags": {"man_made": "tower", "tower:type": "watchtower"}}, {"type": "node", "id": 9742374759, "lat": 16.667069, "lon": 112.7248297, "tags": {"man_made": "tower", "tower:type": "observation"}}, {"type": "node", "id": 9742374760, "lat": 16.67369, "lon": 112.7245691, "tags": {"man_made": "tower", "roof:shape": "dome", "tower:construction": "concrete", "tower:type": "radar"}}, {"type": "node", "id": 12419266846, "lat": 16.6708948, "lon": 112.7332915, "tags": {"man_made": "tower", "tower:type": "radar"}}, {"type": "node", "id": 12419266847, "lat": 16.6708558, "lon": 112.7334118, "tags": {"man_made": "tower", "tower:type": "radar"}}, {"type": "node", "id": 12419266848, "lat": 16.6708592, "lon": 112.7334808, "tags": {"man_made": "tower", "tower:type": "radar"}}]}