{"version": 0.6, "generator": "Overpass API 0.7.61.8 b1080abd", "osm3s": {"timestamp_osm_base": "2026-01-04T20:15:18Z", "copyright": "The data included in this document is from www.openstreetmap.org. The data is made available under ODbL."}, "elements": [{"type": "node", "id": 5778731498, "lat": 11.4297969, "lon": 114.3320974}, {"type": "node", "id": 5778731499, "lat": 11.4297318, "lon": 114.3320311}, {"type": "node", "id": 5778731500, "lat": 11.4296057, "lon": 114.3320271}, {"type": "node", "id": 5778731501, "lat": 11.4295328, "lon": 114.3320934}, {"type": "node", "id": 5778731502, "lat": 11.4295289, "lon": 114.33222}, {"type": "node", "id": 5778731503, "lat": 11.42959, "lon": 114.3322844}, {"type": "node", "id": 5778731504, "lat": 11.42972, "lon": 114.3322944}, {"type": "node", "id": 5778731505, "lat": 11.429789, "lon": 114.3322221}, {"type": "way", "id": 610144900, "nodes": [5778731498, 5778731499, 5778731500, 5778731501, 5778731502, 5778731503, 5778731504, 5778731505, 5778731498], "tags": {"aeroway": "helipad", "ref:ourairports": "VN-0028"}}]}