{"version": 0.6, "generator": "Overpass API 0.7.61.8 b1080abd", "osm3s": {"timestamp_osm_base": "2026-01-04T20:10:15Z", "copyright": "The data included in this document is from www.openstreetmap.org. The data is made available under ODbL."}, "elements": [{"type": "node", "id": 4856201932, "lat": 9.884441, "lon": 114.331085}, {"type": "node", "id": 8730184484, "lat": 9.8842955, "lon": 114.3312612}, {"type": "node", "id": 8730184485, "lat": 9.884115, "lon": 114.3311077}, {"type": "node", "id": 8730184486, "lat": 9.8842606, "lon": 114.3309314}, {"type": "way", "id": 942770685, "nodes": [8730184486, 4856201932, 8730184484, 8730184485, 8730184486], "tags": {"aeroway": "helipad", "source": "Maxar Premium Imagery (Beta)"}}]}