{"version": 0.6, "generator": "Overpass API 0.7.61.8 b1080abd", "osm3s": {"timestamp_osm_base": "2026-01-05T14:48:00Z", "copyright": "The data included in this document is from www.openstreetmap.org. The data is made available under ODbL."}, "elements": [{"type": "node", "id": 8968583888, "lat": 16.9604765, "lon": 112.3145722}, {"type": "node", "id": 8968583889, "lat": 16.9607855, "lon": 112.3146526}, {"type": "node", "id": 8968583890, "lat": 16.9607241, "lon": 112.314928}, {"type": "node", "id": 8968583891, "lat": 16.9604175, "lon": 112.3148495}, {"type": "way", "id": 969249183, "nodes": [8968583888, 8968583889, 8968583890, 8968583891, 8968583888], "tags": {"aeroway": "helipad", "name": "\u5317\u5c9b\u5e7f\u573a", "name:zh": "\u5317\u5c9b\u5e7f\u573a", "name:zh-Hans": "\u5317\u5c9b\u5e7f\u573a", "name:zh-Hant": "\u5317\u5cf6\u5ee3\u5834"}}]}