{"version": 0.6, "generator": "Overpass API 0.7.61.8 b1080abd", "osm3s": {"timestamp_osm_base": "2026-01-05T15:31:00Z", "copyright": "The data included in this document is from www.openstreetmap.org. The data is made available under ODbL."}, "elements": [{"type": "node", "id": 7436318525, "lat": 16.5665621, "lon": 111.6859059}, {"type": "node", "id": 7436318526, "lat": 16.5664467, "lon": 111.6859044}, {"type": "node", "id": 7436318527, "lat": 16.5664461, "lon": 111.6859498}, {"type": "node", "id": 7436318528, "lat": 16.5664792, "lon": 111.6859503}, {"type": "node", "id": 7436318529, "lat": 16.566478, "lon": 111.686044}, {"type": "node", "id": 7436318530, "lat": 16.5665252, "lon": 111.6860446}, {"type": "node", "id": 7436318531, "lat": 16.5665264, "lon": 111.6859478}, {"type": "node", "id": 7436318532, "lat": 16.5665615, "lon": 111.6859483}, {"type": "way", "id": 795081115, "nodes": [7436318525, 7436318526, 7436318527, 7436318528, 7436318529, 7436318530, 7436318531, 7436318532, 7436318525], "tags": {"amenity": "ferry_terminal", "building": "yes", "ferry": "yes", "name": "\u9e2d\u516c\u5c9b\u7801\u5934", "name:vi": "B\u1ebfn t\u00e0u \u0110\u1ea3o \u00c1p C\u00f4ng", "name:zh-Hant": "\u9d28\u516c\u5cf6\u78bc\u982d", "public_transport": "station"}}]}