{"version": 0.6, "generator": "Overpass API 0.7.61.8 b1080abd", "osm3s": {"timestamp_osm_base": "2026-01-04T19:24:30Z", "copyright": "The data included in this document is from www.openstreetmap.org. The data is made available under ODbL."}, "elements": [{"type": "node", "id": 1399423062, "lat": 11.0511235, "lon": 114.278607}, {"type": "node", "id": 8685055208, "lat": 11.0519463, "lon": 114.2896454}, {"type": "way", "id": 126171954, "nodes": [1399423062, 8685055208], "tags": {"aeroway": "runway", "length": "1300", "ref": "08/26", "surface": "concrete"}}]}