{"version": 0.6, "generator": "Overpass API 0.7.61.8 b1080abd", "osm3s": {"timestamp_osm_base": "2026-01-04T19:29:33Z", "copyright": "The data included in this document is from www.openstreetmap.org. The data is made available under ODbL."}, "elements": [{"type": "node", "id": 7174011553, "lat": 10.3727811, "lon": 114.3601407, "tags": {"amenity": "ferry_terminal", "ferry": "yes", "name": "\u592a\u5e73\u5cf6\u78bc\u982d", "name:en": "Taiping Island Harbor", "name:nan": "Th\u00e0i-p\u00eang-t\u00f3 T\u014d\u0358-kh\u00e1u", "name:nan-Hant": "\u592a\u5e73\u5cf6\u6e21\u53e3", "name:nan-Latn-pehoeji": "Th\u00e0i-p\u00eang-t\u00f3 T\u014d\u0358-kh\u00e1u", "name:nan-Latn-tailo": "Th\u00e0i-p\u00eeng-t\u00f3 T\u014do-kh\u00e1u", "name:vi": "B\u1ebfn t\u00e0u \u0110\u1ea3o Th\u00e1i B\u00ecnh", "name:zh": "\u592a\u5e73\u5cf6\u78bc\u982d", "name:zh-Hans": "\u592a\u5e73\u5c9b\u7801\u5934", "name:zh-Hant": "\u592a\u5e73\u5cf6\u78bc\u982d", "public_transport": "station"}}]}