{"version": 0.6, "generator": "Overpass API 0.7.61.8 b1080abd", "osm3s": {"timestamp_osm_base": "2026-01-05T14:55:05Z", "copyright": "The data included in this document is from www.openstreetmap.org. The data is made available under ODbL."}, "elements": [{"type": "node", "id": 7436337783, "lat": 16.5796435, "lon": 111.7032214}, {"type": "node", "id": 7436339887, "lat": 16.5796555, "lon": 111.7032084}, {"type": "node", "id": 7436339888, "lat": 16.5795512, "lon": 111.7030032}, {"type": "node", "id": 7436339889, "lat": 16.579591, "lon": 111.7029811}, {"type": "node", "id": 7436339890, "lat": 16.5795635, "lon": 111.7029271}, {"type": "node", "id": 7436339891, "lat": 16.5794586, "lon": 111.7029851}, {"type": "node", "id": 7436339892, "lat": 16.5794846, "lon": 111.7030363}, {"type": "node", "id": 7436339893, "lat": 16.5795123, "lon": 111.703021}, {"type": "node", "id": 7436339894, "lat": 16.5796263, "lon": 111.7032456}, {"type": "node", "id": 7597393878, "lat": 16.5795129, "lon": 111.7029551}, {"type": "way", "id": 795084066, "nodes": [7436337783, 7436339887, 7436339888, 7436339889, 7436339890, 7597393878, 7436339891, 7436339892, 7436339893, 7436339894, 7436337783], "tags": {"amenity": "ferry_terminal", "ferry": "yes", "name": "\u94f6\u5c7f\u7801\u5934", "name:vi": "B\u1ebfn t\u00e0u Ng\u00e2n T\u1ef1", "name:zh-Hant": "\u9280\u5dbc\u78bc\u982d", "public_transport": "station"}}]}