{"version": 0.6, "generator": "Overpass API 0.7.61.8 b1080abd", "osm3s": {"timestamp_osm_base": "2026-01-04T18:07:59Z", "copyright": "The data included in this document is from www.openstreetmap.org. The data is made available under ODbL."}, "elements": [{"type": "node", "id": 4991646686, "lat": 9.9237257, "lon": 115.5377839}, {"type": "node", "id": 6073740929, "lat": 9.9279744, "lon": 115.5217953}, {"type": "node", "id": 6073740930, "lat": 9.9277091, "lon": 115.5217275}, {"type": "node", "id": 6073740931, "lat": 9.9278885, "lon": 115.5210333}, {"type": "node", "id": 7447570125, "lat": 9.927796, "lon": 115.5213878, "tags": {"man_made": "pier"}}, {"type": "node", "id": 7447597349, "lat": 9.9258469, "lon": 115.5204842}, {"type": "node", "id": 7447597350, "lat": 9.9214929, "lon": 115.5371697}, {"type": "way", "id": 796340214, "nodes": [6073740931, 7447597349, 7447597350, 4991646686, 6073740929, 6073740930, 7447570125, 6073740931], "tags": {"leisure": "marina", "name": "\u7f8e\u6d4e\u7901\u6e2f\u533a", "name:zh-Hant": "\u7f8e\u6fdf\u7901\u6e2f\u5340", "seamark:harbour:category": "marina", "seamark:type": "harbour"}}]}