{"version": 0.6, "generator": "Overpass API 0.7.61.8 b1080abd", "osm3s": {"timestamp_osm_base": "2026-01-05T14:44:00Z", "copyright": "The data included in this document is from www.openstreetmap.org. The data is made available under ODbL."}, "elements": [{"type": "node", "id": 4856099591, "lat": 16.4490162, "lon": 111.5045052}, {"type": "node", "id": 4856099592, "lat": 16.4490086, "lon": 111.5045747}, {"type": "node", "id": 4856099593, "lat": 16.4489389, "lon": 111.5045664}, {"type": "node", "id": 4856099594, "lat": 16.4489464, "lon": 111.504497}, {"type": "node", "id": 7900234275, "lat": 16.4497949, "lon": 111.5069385, "tags": {"man_made": "tower"}}, {"type": "node", "id": 7900234281, "lat": 16.448417, "lon": 111.5041779}, {"type": "node", "id": 7900234282, "lat": 16.4483394, "lon": 111.5041207}, {"type": "node", "id": 7900234283, "lat": 16.4482826, "lon": 111.5042045}, {"type": "node", "id": 7900234284, "lat": 16.4483602, "lon": 111.5042617}, {"type": "node", "id": 7900234330, "lat": 16.4491838, "lon": 111.5086367, "tags": {"man_made": "tower", "tower:construction": "concrete", "tower:type": "watchtower"}}, {"type": "node", "id": 7900234333, "lat": 16.4485529, "lon": 111.5105568, "tags": {"man_made": "tower"}}, {"type": "node", "id": 7900234334, "lat": 16.4480058, "lon": 111.5116576, "tags": {"man_made": "tower"}}, {"type": "node", "id": 7900234335, "lat": 16.4473236, "lon": 111.512598}, {"type": "node", "id": 7900234336, "lat": 16.447269, "lon": 111.5125045}, {"type": "node", "id": 7900234337, "lat": 16.4471986, "lon": 111.5125491}, {"type": "node", "id": 7900234338, "lat": 16.4472532, "lon": 111.5126427}, {"type": "node", "id": 7900234339, "lat": 16.4479289, "lon": 111.5044596}, {"type": "node", "id": 7900234340, "lat": 16.4478789, "lon": 111.5043627}, {"type": "node", "id": 7900234341, "lat": 16.4478056, "lon": 111.5044038}, {"type": "node", "id": 7900234342, "lat": 16.4478555, "lon": 111.5045007}, {"type": "node", "id": 8634711856, "lat": 16.4466201, "lon": 111.5053937, "tags": {"building": "yes", "man_made": "tower", "roof:shape": "dome", "tower:construction": "concrete", "tower:type": "radar"}}, {"type": "node", "id": 9742417625, "lat": 16.4487179, "lon": 111.5057, "tags": {"man_made": "tower", "tower:type": "communication"}}, {"type": "node", "id": 9742417634, "lat": 16.448632, "lon": 111.5056089}, {"type": "node", "id": 9742417635, "lat": 16.4485291, "lon": 111.5055931}, {"type": "node", "id": 9742417636, "lat": 16.4485103, "lon": 111.5057264}, {"type": "node", "id": 9742417637, "lat": 16.4486131, "lon": 111.5057423}, {"type": "node", "id": 9742417638, "lat": 16.4494682, "lon": 111.5088057, "tags": {"man_made": "tower"}}, {"type": "way", "id": 493731187, "nodes": [4856099591, 4856099592, 4856099593, 4856099594, 4856099591], "tags": {"building": "yes", "man_made": "tower", "roof:shape": "dome", "tower:construction": "concrete", "tower:type": "radar"}}, {"type": "way", "id": 846719309, "nodes": [7900234281, 7900234282, 7900234283, 7900234284, 7900234281], "tags": {"building": "yes", "man_made": "tower", "tower:type": "watchtower"}}, {"type": "way", "id": 846719315, "nodes": [7900234335, 7900234336, 7900234337, 7900234338, 7900234335], "tags": {"building": "yes", "man_made": "tower", "tower:type": "watchtower"}}, {"type": "way", "id": 846719317, "nodes": [7900234339, 7900234340, 7900234341, 7900234342, 7900234339], "tags": {"building": "yes", "man_made": "tower", "tower:construction": "concrete", "tower:type": "radar"}}, {"type": "way", "id": 1060384018, "nodes": [9742417634, 9742417635, 9742417636, 9742417637, 9742417634], "tags": {"building": "yes", "man_made": "tower", "roof:shape": "dome", "tower:construction": "concrete", "tower:type": "radar"}}]}