{"version": 0.6, "generator": "Overpass API 0.7.61.8 b1080abd", "osm3s": {"timestamp_osm_base": "2026-01-05T15:17:44Z", "copyright": "The data included in this document is from www.openstreetmap.org. The data is made available under ODbL."}, "elements": [{"type": "node", "id": 6188993801, "lat": 16.9780778, "lon": 112.2662332}, {"type": "node", "id": 6318090939, "lat": 16.9783599, "lon": 112.2665329}, {"type": "node", "id": 6318090940, "lat": 16.978359, "lon": 112.2662323}, {"type": "node", "id": 6318090943, "lat": 16.9780787, "lon": 112.2665338}, {"type": "way", "id": 661060042, "nodes": [6188993801, 6318090940, 6318090939, 6318090943, 6188993801], "tags": {"aeroway": "helipad", "ref:ourairports": "CN-0148"}}]}