{"version": 0.6, "generator": "Overpass API 0.7.61.8 b1080abd", "osm3s": {"timestamp_osm_base": "2026-01-04T19:37:45Z", "copyright": "The data included in this document is from www.openstreetmap.org. The data is made available under ODbL."}, "elements": [{"type": "node", "id": 9742158047, "lat": 8.1532848, "lon": 113.2827202, "tags": {"man_made": "tower", "tower:construction": "dish", "tower:type": "communication"}}, {"type": "node", "id": 9742158048, "lat": 8.1532391, "lon": 113.2827168, "tags": {"man_made": "tower", "tower:construction": "dish", "tower:type": "communication"}}, {"type": "node", "id": 9742158084, "lat": 8.0758695, "lon": 113.2268961, "tags": {"man_made": "tower", "tower:construction": "dish", "tower:type": "communication"}}, {"type": "node", "id": 9742158085, "lat": 8.2695793, "lon": 113.3547752, "tags": {"man_made": "tower", "tower:construction": "dish", "tower:type": "communication"}}]}