{"version": 0.6, "generator": "Overpass API 0.7.61.8 b1080abd", "osm3s": {"timestamp_osm_base": "2026-01-04T19:32:37Z", "copyright": "The data included in this document is from www.openstreetmap.org. The data is made available under ODbL."}, "elements": [{"type": "node", "id": 10243634283, "lat": 7.8913898, "lon": 112.9209133}, {"type": "node", "id": 10243634284, "lat": 7.8912241, "lon": 112.9210746}, {"type": "node", "id": 10243634285, "lat": 7.8913852, "lon": 112.9212433}, {"type": "node", "id": 10243634286, "lat": 7.8915509, "lon": 112.921082}, {"type": "way", "id": 1119999408, "nodes": [10243634286, 10243634285, 10243634284, 10243634283, 10243634286], "tags": {"aeroway": "helipad"}}]}