{"version": 0.6, "generator": "Overpass API 0.7.61.8 b1080abd", "osm3s": {"timestamp_osm_base": "2026-01-05T14:58:15Z", "copyright": "The data included in this document is from www.openstreetmap.org. The data is made available under ODbL."}, "elements": [{"type": "node", "id": 4856113081, "lat": 16.5349386, "lon": 111.6078655, "tags": {"man_made": "tower", "tower:type": "communication"}}, {"type": "node", "id": 9742393200, "lat": 16.5356876, "lon": 111.6075513}, {"type": "node", "id": 9742393201, "lat": 16.5355925, "lon": 111.6075479}, {"type": "node", "id": 9742393202, "lat": 16.535589, "lon": 111.6076542}, {"type": "node", "id": 9742393203, "lat": 16.5356841, "lon": 111.6076576}, {"type": "node", "id": 9742393204, "lat": 16.5342529, "lon": 111.6104159}, {"type": "node", "id": 9742393205, "lat": 16.5341648, "lon": 111.6104532}, {"type": "node", "id": 9742393206, "lat": 16.5342032, "lon": 111.6105518}, {"type": "node", "id": 9742393207, "lat": 16.5342913, "lon": 111.6105145}, {"type": "node", "id": 9742417549, "lat": 16.5342815, "lon": 111.6042449}, {"type": "node", "id": 9742417550, "lat": 16.5341864, "lon": 111.6042415}, {"type": "node", "id": 9742417551, "lat": 16.534183, "lon": 111.6043478}, {"type": "node", "id": 9742417552, "lat": 16.534278, "lon": 111.6043512}, {"type": "way", "id": 1060383995, "nodes": [9742393200, 9742393201, 9742393202, 9742393203, 9742393200], "tags": {"building": "yes", "man_made": "tower", "tower:type": "observation"}}, {"type": "way", "id": 1060383996, "nodes": [9742393204, 9742393205, 9742393206, 9742393207, 9742393204], "tags": {"building": "yes", "man_made": "tower", "tower:type": "observation"}}, {"type": "way", "id": 1060383997, "nodes": [9742417549, 9742417550, 9742417551, 9742417552, 9742417549], "tags": {"building": "yes", "man_made": "tower", "tower:type": "observation"}}]}