{"version": 0.6, "generator": "Overpass API 0.7.61.8 b1080abd", "osm3s": {"timestamp_osm_base": "2026-01-04T18:38:29Z", "copyright": "The data included in this document is from www.openstreetmap.org. The data is made available under ODbL."}, "elements": [{"type": "node", "id": 5621571388, "lat": 16.8375967, "lon": 112.3301046}, {"type": "node", "id": 5621571389, "lat": 16.8399421, "lon": 112.327736}, {"type": "node", "id": 5621571390, "lat": 16.8386675, "lon": 112.3263001}, {"type": "node", "id": 5621571391, "lat": 16.8371785, "lon": 112.3257851}, {"type": "node", "id": 5621571392, "lat": 16.8355971, "lon": 112.3260105}, {"type": "node", "id": 5621571393, "lat": 16.8341491, "lon": 112.3268496}, {"type": "node", "id": 5621571394, "lat": 16.8341753, "lon": 112.3301286}, {"type": "node", "id": 7425923484, "lat": 16.8380793, "lon": 112.3305643}, {"type": "node", "id": 7432202334, "lat": 16.8376181, "lon": 112.3305232}, {"type": "node", "id": 7432202335, "lat": 16.8379803, "lon": 112.3305852}, {"type": "node", "id": 9749658063, "lat": 16.8360176, "lon": 112.3301157}, {"type": "node", "id": 9749658073, "lat": 16.8350744, "lon": 112.3301223}, {"type": "way", "id": 588604095, "nodes": [5621571394, 5621571393, 5621571392, 5621571391, 5621571390, 5621571389, 7425923484, 7432202335, 7432202334, 5621571388, 9749658063, 9749658073, 5621571394], "tags": {"leisure": "marina", "name": "\u6c38\u5174\u7efc\u5408\u7801\u5934", "name:en": "China Yongxing Isl. Bay", "name:nan": "\u00c9ng-heng Chong-ha\u030dp B\u00e9-th\u00e2u", "name:nan-Hans": "\u6c38\u5174\u7efc\u5408\u7801\u5934", "name:nan-Latn-pehoeji": "\u00c9ng-heng Chong-ha\u030dp B\u00e9-th\u00e2u", "name:nan-Latn-tailo": "\u00cdng-hing Tsong-ha\u030dp B\u00e9-th\u00e2u", "name:vi": "B\u1ebfn t\u00e0u t\u1ed5ng h\u1ee3p V\u0129nh H\u01b0ng", "name:zh": "\u6c38\u5174\u7efc\u5408\u7801\u5934", "name:zh-Hans": "\u6c38\u5174\u7efc\u5408\u7801\u5934", "name:zh-Hant": "\u6c38\u8208\u7d9c\u5408\u78bc\u982d", "seamark:harbour:category": "marina", "seamark:type": "harbour", "wikidata": "Q91467139"}}]}