{"version": 0.6, "generator": "Overpass API 0.7.61.8 b1080abd", "osm3s": {"timestamp_osm_base": "2026-01-04T20:08:14Z", "copyright": "The data included in this document is from www.openstreetmap.org. The data is made available under ODbL."}, "elements": [{"type": "node", "id": 5809817365, "lat": 10.3736067, "lon": 114.481365}, {"type": "node", "id": 5809817366, "lat": 10.3734442, "lon": 114.4812033}, {"type": "node", "id": 5809817367, "lat": 10.3736045, "lon": 114.4810368}, {"type": "node", "id": 5809817368, "lat": 10.373767, "lon": 114.4811986}, {"type": "way", "id": 614161301, "nodes": [5809817368, 5809817367, 5809817366, 5809817365, 5809817368], "tags": {"aeroway": "helipad", "note": "S\u00e2n bay tr\u1ef1c th\u0103ng \u0110\u1ea3o S\u01a1n Ca", "ref:ourairports": "VN-0025"}}]}