{"version": 0.6, "generator": "Overpass API 0.7.61.8 b1080abd", "osm3s": {"timestamp_osm_base": "2026-01-04T19:44:42Z", "copyright": "The data included in this document is from www.openstreetmap.org. The data is made available under ODbL."}, "elements": [{"type": "node", "id": 9721288038, "lat": 8.6966628, "lon": 114.1715709, "tags": {"man_made": "tower", "tower:construction": "dish", "tower:type": "communication"}}, {"type": "node", "id": 9721288039, "lat": 8.696631, "lon": 114.1715669, "tags": {"man_made": "tower", "tower:construction": "dish", "tower:type": "communication"}}]}