{"version": 0.6, "generator": "Overpass API 0.7.61.8 b1080abd", "osm3s": {"timestamp_osm_base": "2026-01-04T17:44:30Z", "copyright": "The data included in this document is from www.openstreetmap.org. The data is made available under ODbL."}, "elements": [{"type": "node", "id": 4856233151, "lat": 8.8642926, "lon": 112.8319285, "tags": {"aeroway": "helipad"}}, {"type": "node", "id": 5206203829, "lat": 8.8645119, "lon": 112.8318068}, {"type": "node", "id": 5206203830, "lat": 8.864411, "lon": 112.8321416}, {"type": "node", "id": 5206203831, "lat": 8.8640819, "lon": 112.8320399}, {"type": "node", "id": 5206203832, "lat": 8.8641828, "lon": 112.8317051}, {"type": "node", "id": 7512186674, "lat": 8.8647181, "lon": 112.8310998}, {"type": "node", "id": 7512186675, "lat": 8.8647899, "lon": 112.8311226}, {"type": "node", "id": 7512186676, "lat": 8.8647139, "lon": 112.8313677}, {"type": "node", "id": 7512186677, "lat": 8.8644615, "lon": 112.8312876}, {"type": "node", "id": 7512186678, "lat": 8.8645138, "lon": 112.8311187}, {"type": "node", "id": 7512240390, "lat": 8.8643239, "lon": 112.8317487}, {"type": "node", "id": 7512240391, "lat": 8.8644153, "lon": 112.831777}, {"type": "node", "id": 9742048760, "lat": 8.8645374, "lon": 112.8310425}, {"type": "way", "id": 537699746, "nodes": [5206203832, 5206203831, 5206203830, 5206203829, 7512240391, 7512240390, 5206203832], "tags": {"aeroway": "helipad", "ref:ourairports": "CN-0319"}}, {"type": "way", "id": 1060346992, "nodes": [7512186675, 7512186674, 9742048760, 7512186678, 7512186677, 7512186676, 7512186675], "tags": {"aeroway": "helipad"}}]}