{"version": 0.6, "generator": "Overpass API 0.7.61.8 b1080abd", "osm3s": {"timestamp_osm_base": "2026-01-04T18:46:44Z", "copyright": "The data included in this document is from www.openstreetmap.org. The data is made available under ODbL."}, "elements": [{"type": "node", "id": 10735495160, "lat": 8.1026277, "lon": 114.1381158}, {"type": "node", "id": 10735495161, "lat": 8.1025497, "lon": 114.1380595}, {"type": "node", "id": 10735495162, "lat": 8.1024959, "lon": 114.1381356}, {"type": "node", "id": 10735495163, "lat": 8.1025738, "lon": 114.1381919}, {"type": "way", "id": 1154328309, "nodes": [10735495160, 10735495161, 10735495162, 10735495163, 10735495160], "tags": {"aeroway": "helipad"}}]}