{"version": 0.6, "generator": "Overpass API 0.7.61.8 b1080abd", "osm3s": {"timestamp_osm_base": "2026-01-05T14:41:59Z", "copyright": "The data included in this document is from www.openstreetmap.org. The data is made available under ODbL."}, "elements": [{"type": "node", "id": 7900234271, "lat": 16.4476256, "lon": 111.5070325}, {"type": "node", "id": 7900234272, "lat": 16.4473928, "lon": 111.5070195}, {"type": "node", "id": 7900234273, "lat": 16.4473806, "lon": 111.5072578}, {"type": "node", "id": 7900234274, "lat": 16.4476134, "lon": 111.5072708}, {"type": "way", "id": 846719307, "nodes": [7900234271, 7900234272, 7900234273, 7900234274, 7900234271], "tags": {"aeroway": "helipad", "ref:ourairports": "CN-0151"}}]}