{"version": 0.6, "generator": "Overpass API 0.7.61.8 b1080abd", "osm3s": {"timestamp_osm_base": "2026-01-05T14:57:13Z", "copyright": "The data included in this document is from www.openstreetmap.org. The data is made available under ODbL."}, "elements": [{"type": "node", "id": 4856113090, "lat": 16.5352103, "lon": 111.6085672}, {"type": "node", "id": 4856113091, "lat": 16.5351931, "lon": 111.6088079}, {"type": "node", "id": 4856113092, "lat": 16.5349801, "lon": 111.6087913}, {"type": "node", "id": 4856113093, "lat": 16.5349973, "lon": 111.6085506}, {"type": "way", "id": 493732889, "nodes": [4856113090, 4856113091, 4856113092, 4856113093, 4856113090], "tags": {"aeroway": "helipad", "ref:ourairports": "CN-0150"}}]}