{"version": 0.6, "generator": "Overpass API 0.7.61.8 b1080abd", "osm3s": {"timestamp_osm_base": "2026-01-04T19:47:59Z", "copyright": "The data included in this document is from www.openstreetmap.org. The data is made available under ODbL."}, "elements": [{"type": "node", "id": 9742166768, "lat": 10.0236724, "lon": 113.8543292}, {"type": "node", "id": 9742166769, "lat": 10.0234493, "lon": 113.8543199}, {"type": "node", "id": 9742166770, "lat": 10.02344, "lon": 113.8545496}, {"type": "node", "id": 9742166771, "lat": 10.023663, "lon": 113.854559}, {"type": "way", "id": 1060364735, "nodes": [9742166768, 9742166769, 9742166770, 9742166771, 9742166768], "tags": {"aeroway": "helipad", "name": "S\u00e2n \u0111\u1ed7 tr\u1ef1c th\u0103ng \u0111\u1ea3o \u0110\u00e1 L\u1edbn A", "ref:ourairports": "VN-0008"}}]}