{"version": 0.6, "generator": "Overpass API 0.7.61.8 b1080abd", "osm3s": {"timestamp_osm_base": "2026-01-04T18:08:58Z", "copyright": "The data included in this document is from www.openstreetmap.org. The data is made available under ODbL."}, "elements": [{"type": "node", "id": 7445164241, "lat": 9.9067764, "lon": 115.5733576}, {"type": "node", "id": 7445164242, "lat": 9.9065265, "lon": 115.5733429}, {"type": "node", "id": 7445164243, "lat": 9.9064764, "lon": 115.5742186}, {"type": "node", "id": 7445164244, "lat": 9.9065008, "lon": 115.5743303}, {"type": "node", "id": 7445164245, "lat": 9.9065636, "lon": 115.5743495}, {"type": "node", "id": 7445164246, "lat": 9.9065558, "lon": 115.57448}, {"type": "node", "id": 7445164247, "lat": 9.9066174, "lon": 115.5744838}, {"type": "node", "id": 7445164248, "lat": 9.9066254, "lon": 115.5743495}, {"type": "node", "id": 7445164249, "lat": 9.9066952, "lon": 115.5743319}, {"type": "node", "id": 7445164250, "lat": 9.9067265, "lon": 115.5742328}, {"type": "node", "id": 7674221744, "lat": 9.906587, "lon": 115.5744819}, {"type": "way", "id": 795987230, "nodes": [7445164241, 7445164242, 7445164243, 7445164244, 7445164245, 7445164246, 7674221744, 7445164247, 7445164248, 7445164249, 7445164250, 7445164241], "tags": {"amenity": "ferry_terminal", "building": "yes", "ferry": "yes", "name": "\u7f8e\u6d4e\u7901\u6e14\u8239\u3001\u7801\u5934", "name:zh-Hant": "\u7f8e\u6fdf\u7901\u6f01\u8239\u78bc\u982d", "public_transport": "station"}}]}