{"version": 0.6, "generator": "Overpass API 0.7.61.8 b1080abd", "osm3s": {"timestamp_osm_base": "2026-01-05T14:52:05Z", "copyright": "The data included in this document is from www.openstreetmap.org. The data is made available under ODbL."}, "elements": [{"type": "node", "id": 136237925, "lat": 16.960437, "lon": 112.3143984}, {"type": "node", "id": 4856182091, "lat": 16.9605573, "lon": 112.3144231}, {"type": "node", "id": 7436662523, "lat": 16.9603196, "lon": 112.3150229}, {"type": "node", "id": 7436662524, "lat": 16.9604398, "lon": 112.3150476}, {"type": "way", "id": 795114280, "nodes": [4856182091, 7436662524, 7436662523, 136237925, 4856182091], "tags": {"amenity": "ferry_terminal", "ferry": "yes", "name": "\u5317\u5c9b\u7801\u5934", "name:vi": "B\u1ebfn t\u00e0u B\u1eafc \u0110\u1ea3o", "name:zh": "\u5317\u5c9b\u7801\u5934", "name:zh-Hans": "\u5317\u5c9b\u7801\u5934", "name:zh-Hant": "\u5317\u5cf6\u78bc\u982d", "public_transport": "station"}}]}