{"version": 0.6, "generator": "Overpass API 0.7.61.8 b1080abd", "osm3s": {"timestamp_osm_base": "2026-01-04T18:06:56Z", "copyright": "The data included in this document is from www.openstreetmap.org. The data is made available under ODbL."}, "elements": [{"type": "node", "id": 7445164042, "lat": 9.9285139, "lon": 115.5192988, "tags": {"man_made": "tower"}}, {"type": "node", "id": 7445164252, "lat": 9.9314192, "lon": 115.5244409, "tags": {"man_made": "tower"}}, {"type": "node", "id": 7447597267, "lat": 9.9266003, "lon": 115.5403469, "tags": {"building": "yes", "man_made": "tower", "roof:shape": "dome", "tower:construction": "dome", "tower:type": "radar"}}, {"type": "node", "id": 7447597268, "lat": 9.9254656, "lon": 115.5424856, "tags": {"man_made": "tower"}}, {"type": "node", "id": 7447597269, "lat": 9.9026162, "lon": 115.5785476, "tags": {"man_made": "tower"}}, {"type": "node", "id": 7447597270, "lat": 9.8980969, "lon": 115.5005782, "tags": {"building": "yes", "man_made": "tower", "roof:shape": "dome", "tower:construction": "dome", "tower:type": "radar"}}, {"type": "node", "id": 7447597271, "lat": 9.8987205, "lon": 115.4996931, "tags": {"building": "yes", "man_made": "tower", "roof:shape": "dome", "tower:construction": "dome", "tower:type": "radar"}}, {"type": "node", "id": 7447597272, "lat": 9.8989319, "lon": 115.5001598, "tags": {"building": "yes", "man_made": "tower", "roof:shape": "dome", "tower:construction": "dome", "tower:type": "radar"}}, {"type": "node", "id": 7447597273, "lat": 9.8991274, "lon": 115.5005996, "tags": {"building": "yes", "man_made": "tower", "roof:shape": "dome", "tower:construction": "dome", "tower:type": "radar"}}, {"type": "node", "id": 7447597274, "lat": 9.9327654, "lon": 115.5171538, "tags": {"building": "yes", "man_made": "tower", "roof:shape": "dome", "tower:construction": "dome", "tower:type": "radar"}}, {"type": "node", "id": 7447629077, "lat": 9.9229014, "lon": 115.5456822, "tags": {"building": "yes", "man_made": "tower", "roof:shape": "dome", "tower:construction": "dome", "tower:type": "radar"}}, {"type": "node", "id": 7447629078, "lat": 9.9229014, "lon": 115.5458733, "tags": {"building": "yes", "man_made": "tower", "roof:shape": "dome", "tower:construction": "dome", "tower:type": "radar"}}, {"type": "node", "id": 7447629079, "lat": 9.9229014, "lon": 115.5460847, "tags": {"building": "yes", "man_made": "tower", "roof:shape": "dome", "tower:construction": "dome", "tower:type": "radar"}}, {"type": "node", "id": 7447629080, "lat": 9.9228974, "lon": 115.5462961, "tags": {"building": "yes", "man_made": "tower", "roof:shape": "dome", "tower:construction": "dome", "tower:type": "radar"}}, {"type": "node", "id": 7447629081, "lat": 9.9232018, "lon": 115.5458367, "tags": {"building": "yes", "man_made": "tower", "roof:shape": "dome", "tower:construction": "dome", "tower:type": "radar"}}, {"type": "node", "id": 7447629082, "lat": 9.9231978, "lon": 115.5460278, "tags": {"building": "yes", "man_made": "tower", "roof:shape": "dome", "tower:construction": "dome", "tower:type": "radar"}}, {"type": "node", "id": 7447629083, "lat": 9.9231978, "lon": 115.5462432, "tags": {"building": "yes", "man_made": "tower", "roof:shape": "dome", "tower:construction": "dome", "tower:type": "radar"}}, {"type": "node", "id": 7632863406, "lat": 9.9231647, "lon": 115.5431801}, {"type": "node", "id": 7632863407, "lat": 9.9231381, "lon": 115.5431581}, {"type": "node", "id": 7632863408, "lat": 9.9231058, "lon": 115.5431466}, {"type": "node", "id": 7632863409, "lat": 9.9230714, "lon": 115.5431469}, {"type": "node", "id": 7632863410, "lat": 9.9230137, "lon": 115.5433107}, {"type": "node", "id": 7632863411, "lat": 9.9230373, "lon": 115.5433314}, {"type": "node", "id": 7632863412, "lat": 9.923066, "lon": 115.5433437}, {"type": "node", "id": 7632863413, "lat": 9.923097, "lon": 115.5433463}, {"type": "node", "id": 9742314218, "lat": 9.9032753, "lon": 115.5782938}, {"type": "node", "id": 9742314219, "lat": 9.9031873, "lon": 115.5782194}, {"type": "node", "id": 9742314220, "lat": 9.9030635, "lon": 115.5782499}, {"type": "node", "id": 9742314221, "lat": 9.9030153, "lon": 115.5783115}, {"type": "node", "id": 9742314222, "lat": 9.9031081, "lon": 115.5785496}, {"type": "node", "id": 9742314223, "lat": 9.9032317, "lon": 115.5785274}, {"type": "node", "id": 9742314224, "lat": 9.9032864, "lon": 115.5784503}, {"type": "node", "id": 9742314225, "lat": 9.9030303, "lon": 115.5784853}, {"type": "node", "id": 9742314258, "lat": 9.9218958, "lon": 115.5616535}, {"type": "node", "id": 9742314259, "lat": 9.921788, "lon": 115.5616129}, {"type": "node", "id": 9742314260, "lat": 9.9217692, "lon": 115.5616297}, {"type": "node", "id": 9742314261, "lat": 9.921886, "lon": 115.5616336}, {"type": "node", "id": 9742314262, "lat": 9.9218708, "lon": 115.5616175}, {"type": "node", "id": 9742314263, "lat": 9.9218516, "lon": 115.5616067}, {"type": "node", "id": 9742314264, "lat": 9.9218301, "lon": 115.5616021}, {"type": "node", "id": 9742314265, "lat": 9.9218083, "lon": 115.5616043}, {"type": "node", "id": 9742314266, "lat": 9.921757, "lon": 115.561652}, {"type": "node", "id": 9742314267, "lat": 9.9217529, "lon": 115.5616771}, {"type": "node", "id": 9742314268, "lat": 9.9217575, "lon": 115.5617021}, {"type": "node", "id": 9742314269, "lat": 9.9217701, "lon": 115.5617242}, {"type": "node", "id": 9742314270, "lat": 9.9217893, "lon": 115.5617406}, {"type": "node", "id": 9742314271, "lat": 9.9218128, "lon": 115.5617494}, {"type": "node", "id": 9742314272, "lat": 9.9218379, "lon": 115.5617497}, {"type": "node", "id": 9742314273, "lat": 9.9218616, "lon": 115.5617414}, {"type": "node", "id": 9742314274, "lat": 9.9218811, "lon": 115.5617254}, {"type": "node", "id": 9742314275, "lat": 9.9218942, "lon": 115.5617037}, {"type": "node", "id": 9742314276, "lat": 9.9218993, "lon": 115.5616788}, {"type": "node", "id": 9742314277, "lat": 9.9246488, "lon": 115.5490336}, {"type": "node", "id": 9742314279, "lat": 9.9246207, "lon": 115.5490288}, {"type": "node", "id": 9742314281, "lat": 9.9245926, "lon": 115.5490334}, {"type": "node", "id": 9742314282, "lat": 9.9245738, "lon": 115.5491945}, {"type": "node", "id": 9742314283, "lat": 9.9246012, "lon": 115.5492059}, {"type": "node", "id": 9742314284, "lat": 9.9246308, "lon": 115.5492074}, {"type": "node", "id": 9742341639, "lat": 9.932131, "lon": 115.5219649, "tags": {"man_made": "tower", "roof:shape": "dome", "tower:construction": "dome", "tower:type": "radar"}}, {"type": "node", "id": 9742341718, "lat": 9.9291052, "lon": 115.5088886, "tags": {"man_made": "tower"}}, {"type": "node", "id": 9742341719, "lat": 9.9187043, "lon": 115.502771, "tags": {"man_made": "tower"}}, {"type": "node", "id": 9742341720, "lat": 9.9195839, "lon": 115.5028227}, {"type": "node", "id": 9742341721, "lat": 9.9195647, "lon": 115.5028147}, {"type": "node", "id": 9742341722, "lat": 9.9195039, "lon": 115.5029245}, {"type": "node", "id": 9742341723, "lat": 9.9195215, "lon": 115.5029375}, {"type": "node", "id": 9742341724, "lat": 9.9195424, "lon": 115.5029437}, {"type": "node", "id": 9742341725, "lat": 9.919544, "lon": 115.5028133}, {"type": "node", "id": 9742341726, "lat": 9.919524, "lon": 115.5028186}, {"type": "node", "id": 9742341727, "lat": 9.9195066, "lon": 115.50283}, {"type": "node", "id": 9742341728, "lat": 9.9194937, "lon": 115.5028464}, {"type": "node", "id": 9742341729, "lat": 9.9194866, "lon": 115.5028662}, {"type": "node", "id": 9742341730, "lat": 9.919486, "lon": 115.5028872}, {"type": "node", "id": 9742341731, "lat": 9.9194919, "lon": 115.5029074}, {"type": "node", "id": 9742341732, "lat": 9.9195641, "lon": 115.5029426}, {"type": "node", "id": 9742341733, "lat": 9.9195843, "lon": 115.5029342}, {"type": "node", "id": 9742341734, "lat": 9.9196005, "lon": 115.5029195}, {"type": "node", "id": 9742341735, "lat": 9.919611, "lon": 115.5029001}, {"type": "node", "id": 9742341736, "lat": 9.9196146, "lon": 115.5028784}, {"type": "node", "id": 9742341737, "lat": 9.9196109, "lon": 115.5028566}, {"type": "node", "id": 9742341738, "lat": 9.9196002, "lon": 115.5028373}, {"type": "node", "id": 9742341742, "lat": 9.9055791, "lon": 115.5006172}, {"type": "node", "id": 9742341743, "lat": 9.9055992, "lon": 115.5006088}, {"type": "node", "id": 9742341744, "lat": 9.9056154, "lon": 115.5005941}, {"type": "node", "id": 9742341745, "lat": 9.9056259, "lon": 115.5005748}, {"type": "node", "id": 9742341746, "lat": 9.9056295, "lon": 115.500553}, {"type": "node", "id": 9742341747, "lat": 9.9056258, "lon": 115.5005312}, {"type": "node", "id": 9742341748, "lat": 9.9056151, "lon": 115.500512}, {"type": "node", "id": 9742341749, "lat": 9.9055988, "lon": 115.5004974}, {"type": "node", "id": 9742341750, "lat": 9.9055796, "lon": 115.5004894}, {"type": "node", "id": 9742341751, "lat": 9.905559, "lon": 115.5004879}, {"type": "node", "id": 9742341752, "lat": 9.9055389, "lon": 115.5004932}, {"type": "node", "id": 9742341753, "lat": 9.9055215, "lon": 115.5005047}, {"type": "node", "id": 9742341754, "lat": 9.9055086, "lon": 115.5005211}, {"type": "node", "id": 9742341755, "lat": 9.9055015, "lon": 115.5005408}, {"type": "node", "id": 9742341756, "lat": 9.9055009, "lon": 115.5005619}, {"type": "node", "id": 9742341757, "lat": 9.9055069, "lon": 115.500582}, {"type": "node", "id": 9742341758, "lat": 9.9055188, "lon": 115.5005992}, {"type": "node", "id": 9742341759, "lat": 9.9055365, "lon": 115.5006121}, {"type": "node", "id": 9742341760, "lat": 9.9055573, "lon": 115.5006184}, {"type": "node", "id": 12421650736, "lat": 9.9245674, "lon": 115.5490468}, {"type": "node", "id": 12421650737, "lat": 9.9245478, "lon": 115.5490676}, {"type": "node", "id": 12421650738, "lat": 9.9245356, "lon": 115.5490937}, {"type": "node", "id": 12421650739, "lat": 9.9245322, "lon": 115.5491223}, {"type": "node", "id": 12421650740, "lat": 9.924538, "lon": 115.5491506}, {"type": "node", "id": 12421650741, "lat": 9.9245524, "lon": 115.5491755}, {"type": "node", "id": 12421650742, "lat": 9.9246592, "lon": 115.5491989}, {"type": "node", "id": 12421650743, "lat": 9.9246832, "lon": 115.5491814}, {"type": "node", "id": 12421650744, "lat": 9.9247002, "lon": 115.5491567}, {"type": "node", "id": 12421650745, "lat": 9.9247081, "lon": 115.5491278}, {"type": "node", "id": 12421650746, "lat": 9.9247063, "lon": 115.5490978}, {"type": "node", "id": 12421650747, "lat": 9.9246947, "lon": 115.5490701}, {"type": "node", "id": 12421650748, "lat": 9.9246748, "lon": 115.5490479}, {"type": "node", "id": 12421650756, "lat": 9.9230393, "lon": 115.5431591}, {"type": "node", "id": 12421650757, "lat": 9.9230132, "lon": 115.5431817}, {"type": "node", "id": 12421650758, "lat": 9.9229962, "lon": 115.543212}, {"type": "node", "id": 12421650759, "lat": 9.9229904, "lon": 115.5432463}, {"type": "node", "id": 12421650760, "lat": 9.9229965, "lon": 115.5432806}, {"type": "node", "id": 12421650761, "lat": 9.9231274, "lon": 115.543339}, {"type": "node", "id": 12421650762, "lat": 9.923154, "lon": 115.5433226}, {"type": "node", "id": 12421650763, "lat": 9.9231742, "lon": 115.5432985}, {"type": "node", "id": 12421650764, "lat": 9.9231861, "lon": 115.5432693}, {"type": "node", "id": 12421650765, "lat": 9.9231885, "lon": 115.5432377}, {"type": "node", "id": 12421650766, "lat": 9.9231811, "lon": 115.543207}, {"type": "node", "id": 12421650938, "lat": 9.9296999, "lon": 115.514637, "tags": {"man_made": "tower"}}, {"type": "way", "id": 817276299, "nodes": [12421650761, 12421650762, 12421650763, 12421650764, 12421650765, 12421650766, 7632863406, 7632863407, 7632863408, 7632863409, 12421650756, 12421650757, 12421650758, 12421650759, 12421650760, 7632863410, 7632863411, 7632863412, 7632863413, 12421650761], "tags": {"building": "yes", "man_made": "tower", "roof:shape": "dome", "tower:construction": "dome", "tower:type": "radar"}}, {"type": "way", "id": 1060376020, "nodes": [9742314218, 9742314219, 9742314220, 9742314221, 9742314225, 9742314222, 9742314223, 9742314224, 9742314218], "tags": {"building": "yes", "man_made": "tower", "roof:shape": "dome", "tower:construction": "dome", "tower:type": "radar"}}, {"type": "way", "id": 1060376025, "nodes": [9742314266, 9742314267, 9742314268, 9742314269, 9742314270, 9742314271, 9742314272, 9742314273, 9742314274, 9742314275, 9742314276, 9742314258, 9742314261, 9742314262, 9742314263, 9742314264, 9742314265, 9742314259, 9742314260, 9742314266], "tags": {"building": "yes", "man_made": "tower", "roof:shape": "dome", "tower:construction": "dome", "tower:type": "radar"}}, {"type": "way", "id": 1060376026, "nodes": [12421650742, 12421650743, 12421650744, 12421650745, 12421650746, 12421650747, 12421650748, 9742314277, 9742314279, 9742314281, 12421650736, 12421650737, 12421650738, 12421650739, 12421650740, 12421650741, 9742314282, 9742314283, 9742314284, 12421650742], "tags": {"building": "yes", "man_made": "tower", "roof:shape": "dome", "tower:construction": "dome", "tower:type": "radar"}}, {"type": "way", "id": 1060376054, "nodes": [9742341732, 9742341733, 9742341734, 9742341735, 9742341736, 9742341737, 9742341738, 9742341720, 9742341721, 9742341725, 9742341726, 9742341727, 9742341728, 9742341729, 9742341730, 9742341731, 9742341722, 9742341723, 9742341724, 9742341732], "tags": {"building": "yes", "man_made": "tower", "roof:shape": "dome", "tower:type": "radar"}}, {"type": "way", "id": 1060376056, "nodes": [9742341742, 9742341743, 9742341744, 9742341745, 9742341746, 9742341747, 9742341748, 9742341749, 9742341750, 9742341751, 9742341752, 9742341753, 9742341754, 9742341755, 9742341756, 9742341757, 9742341758, 9742341759, 9742341760, 9742341742], "tags": {"building": "yes", "man_made": "tower", "roof:shape": "dome", "tower:construction": "dome", "tower:type": "radar"}}]}