{"version": 0.6, "generator": "Overpass API 0.7.61.8 b1080abd", "osm3s": {"timestamp_osm_base": "2026-01-04T20:00:15Z", "copyright": "The data included in this document is from www.openstreetmap.org. The data is made available under ODbL."}, "elements": [{"type": "node", "id": 5809817491, "lat": 10.1792086, "lon": 114.363948, "tags": {"man_made": "tower", "tower:type": "watchtower"}}, {"type": "node", "id": 12419002979, "lat": 10.1782607, "lon": 114.3680532, "tags": {"man_made": "tower", "tower:type": "watchtower"}}]}