{"version": 0.6, "generator": "Overpass API 0.7.61.8 b1080abd", "osm3s": {"timestamp_osm_base": "2026-01-05T15:27:49Z", "copyright": "The data included in this document is from www.openstreetmap.org. The data is made available under ODbL."}, "elements": [{"type": "node", "id": 12723930007, "lat": 16.9795824, "lon": 112.208546, "tags": {"amenity": "ferry_terminal", "ferry": "yes", "name": "\u897f\u6c99\u6d32\u7801\u5934", "name:vi": "B\u1ebfn t\u00e0u C\u1ed3n T\u00e2y Sa", "public_transport": "stop_position"}}]}