{"version": 0.6, "generator": "Overpass API 0.7.61.8 b1080abd", "osm3s": {"timestamp_osm_base": "2026-01-04T20:19:28Z", "copyright": "The data included in this document is from www.openstreetmap.org. The data is made available under ODbL."}, "elements": [{"type": "node", "id": 5692370424, "lat": 8.6447518, "lon": 111.9204862}, {"type": "node", "id": 5692370428, "lat": 8.641054, "lon": 111.9170454}, {"type": "node", "id": 5692370429, "lat": 8.6444835, "lon": 111.9202401}, {"type": "node", "id": 5692370430, "lat": 8.6458997, "lon": 111.9215393}, {"type": "node", "id": 5809817005, "lat": 8.6489828, "lon": 111.9243395}, {"type": "node", "id": 6305258098, "lat": 8.6443405, "lon": 111.9201089}, {"type": "node", "id": 6584101963, "lat": 8.6474065, "lon": 111.9228891}, {"type": "node", "id": 6584101969, "lat": 8.6463364, "lon": 111.92194}, {"type": "way", "id": 597993766, "nodes": [5809817005, 6584101963, 6584101969, 5692370430, 5692370424, 5692370429, 6305258098, 5692370428], "tags": {"aeroway": "runway", "length": "610", "ref": "04/22", "surface": "asphalt"}}]}