{"version": 0.6, "generator": "Overpass API 0.7.61.8 b1080abd", "osm3s": {"timestamp_osm_base": "2026-01-04T17:54:44Z", "copyright": "The data included in this document is from www.openstreetmap.org. The data is made available under ODbL."}, "elements": [{"type": "node", "id": 5405589542, "lat": 10.2104446, "lon": 114.2263184}, {"type": "node", "id": 6958060324, "lat": 10.2053908, "lon": 114.2253684}, {"type": "node", "id": 6958060325, "lat": 10.2051891, "lon": 114.2255813}, {"type": "node", "id": 6958060326, "lat": 10.2054027, "lon": 114.2257901}, {"type": "node", "id": 6958060327, "lat": 10.2056043, "lon": 114.2255773}, {"type": "node", "id": 6958060336, "lat": 10.2104063, "lon": 114.2260852}, {"type": "node", "id": 6958060337, "lat": 10.210644, "lon": 114.2260449}, {"type": "node", "id": 6958060338, "lat": 10.2106823, "lon": 114.2262781}, {"type": "node", "id": 6958060339, "lat": 10.2106415, "lon": 114.2262851}, {"type": "way", "id": 743357598, "nodes": [6958060327, 6958060326, 6958060325, 6958060324, 6958060327], "tags": {"aeroway": "helipad", "ref:ourairports": "CN-0322"}}, {"type": "way", "id": 743357602, "nodes": [6958060339, 6958060338, 6958060337, 6958060336, 5405589542, 6958060339], "tags": {"aeroway": "helipad"}}]}