{"version": 0.6, "generator": "Overpass API 0.7.61.8 b1080abd", "osm3s": {"timestamp_osm_base": "2026-01-04T18:23:14Z", "copyright": "The data included in this document is from www.openstreetmap.org. The data is made available under ODbL."}, "elements": [{"type": "node", "id": 1915707062, "lat": 16.6665364, "lon": 112.7241796, "tags": {"amenity": "ferry_terminal", "ferry": "yes", "harbour": "yes", "name": "\u4e1c\u5c9b\u7801\u5934", "name:vi": "B\u1ebfn t\u00e0u \u0110\u00f4ng \u0110\u1ea3o", "name:zh": "\u4e1c\u5c9b\u7801\u5934", "name:zh-Hans": "\u4e1c\u5c9b\u7801\u5934", "name:zh-Hant": "\u6771\u5cf6\u78bc\u982d", "public_transport": "station"}}]}