{"version": 0.6, "generator": "Overpass API 0.7.61.8 b1080abd", "osm3s": {"timestamp_osm_base": "2026-01-04T20:01:14Z", "copyright": "The data included in this document is from www.openstreetmap.org. The data is made available under ODbL."}, "elements": [{"type": "node", "id": 11057891789, "lat": 10.1797297, "lon": 114.3601478}, {"type": "node", "id": 11057891790, "lat": 10.1797185, "lon": 114.3626086}, {"type": "node", "id": 11057891794, "lat": 10.1827334, "lon": 114.357317}, {"type": "node", "id": 11064222515, "lat": 10.1834514, "lon": 114.3609456}, {"type": "node", "id": 11064222517, "lat": 10.1834472, "lon": 114.362644}, {"type": "node", "id": 12304884667, "lat": 10.1797586, "lon": 114.3533077}, {"type": "node", "id": 12304884669, "lat": 10.1797586, "lon": 114.3582623}, {"type": "node", "id": 12304884681, "lat": 10.1827006, "lon": 114.3532638}, {"type": "way", "id": 1377679517, "nodes": [12304884681, 11057891794, 11064222515, 11064222517, 11057891790, 11057891789, 12304884669, 12304884667, 12304884681], "tags": {"leisure": "marina", "name": "\u00c2u t\u00e0u Nam Y\u1ebft", "seamark:harbour:category": "marina", "seamark:type": "harbour"}}]}