{"version": 0.6, "generator": "Overpass API 0.7.61.8 b1080abd", "osm3s": {"timestamp_osm_base": "2026-01-04T19:39:44Z", "copyright": "The data included in this document is from www.openstreetmap.org. The data is made available under ODbL."}, "elements": [{"type": "node", "id": 8730172657, "lat": 8.9307282, "lon": 112.3525229}, {"type": "node", "id": 8730172658, "lat": 8.9307259, "lon": 112.3527624}, {"type": "node", "id": 8730172659, "lat": 8.9309561, "lon": 112.3527648}, {"type": "node", "id": 8730172660, "lat": 8.9309585, "lon": 112.3525253}, {"type": "way", "id": 942770105, "nodes": [8730172660, 8730172659, 8730172658, 8730172657, 8730172660], "tags": {"aeroway": "helipad", "ref:ourairports": "VN-0022", "source": "Maxar Premium Imagery (Beta)"}}]}