{"version": 0.6, "generator": "Overpass API 0.7.61.8 b1080abd", "osm3s": {"timestamp_osm_base": "2026-01-04T17:49:30Z", "copyright": "The data included in this document is from www.openstreetmap.org. The data is made available under ODbL."}, "elements": [{"type": "node", "id": 4243543189, "lat": 9.5421192, "lon": 112.8781295}, {"type": "node", "id": 4243543350, "lat": 9.5483677, "lon": 112.8844523}, {"type": "node", "id": 4243543754, "lat": 9.561017, "lon": 112.8971971}, {"type": "node", "id": 6712321892, "lat": 9.5505877, "lon": 112.8866937}, {"type": "node", "id": 8202435253, "lat": 9.561148, "lon": 112.8973265}, {"type": "node", "id": 8202435254, "lat": 9.5419845, "lon": 112.8779864}, {"type": "way", "id": 389989200, "nodes": [8202435254, 4243543189, 4243543350, 6712321892, 4243543754, 8202435253], "tags": {"aeroway": "runway", "length": "3160", "ref": "23/05", "surface": "concrete", "width": "60"}}]}