{"version": 0.6, "generator": "Overpass API 0.7.61.8 b1080abd", "osm3s": {"timestamp_osm_base": "2026-01-04T18:39:29Z", "copyright": "The data included in this document is from www.openstreetmap.org. The data is made available under ODbL."}, "elements": [{"type": "node", "id": 4531158458, "lat": 16.8343997, "lon": 112.3283544, "tags": {"amenity": "ferry_terminal", "ferry": "yes", "name": "\u6c38\u5174\u5c9b\u7801\u5934", "name:vi": "B\u1ebfn t\u00e0u \u0110\u1ea3o V\u0129nh H\u01b0ng", "name:zh": "\u6c38\u5174\u5c9b\u7801\u5934", "name:zh-Hans": "\u6c38\u5174\u5c9b\u7801\u5934", "name:zh-Hant": "\u6c38\u8208\u5cf6\u78bc\u982d", "public_transport": "station"}}]}