{"version": 0.6, "generator": "Overpass API 0.7.61.8 b1080abd", "osm3s": {"timestamp_osm_base": "2026-01-05T14:51:02Z", "copyright": "The data included in this document is from www.openstreetmap.org. The data is made available under ODbL."}, "elements": [{"type": "node", "id": 136237925, "lat": 16.960437, "lon": 112.3143984}, {"type": "node", "id": 4140405320, "lat": 16.9587627, "lon": 112.3130164}, {"type": "node", "id": 7436662523, "lat": 16.9603196, "lon": 112.3150229}, {"type": "node", "id": 8968583883, "lat": 16.9579274, "lon": 112.3144108}, {"type": "node", "id": 8968583884, "lat": 16.9604838, "lon": 112.3139088}, {"type": "node", "id": 8968583885, "lat": 16.9601156, "lon": 112.3154526}, {"type": "node", "id": 8968583886, "lat": 16.9603698, "lon": 112.3143869}, {"type": "node", "id": 8968583887, "lat": 16.9602223, "lon": 112.3150051}, {"type": "way", "id": 969249182, "nodes": [4140405320, 8968583884, 8968583886, 136237925, 7436662523, 8968583887, 8968583885, 8968583883, 4140405320], "tags": {"leisure": "marina", "name": "\u5317\u5c9b\u6e2f", "name:zh": "\u5317\u5c9b\u6e2f", "name:zh-Hans": "\u5317\u5c9b\u6e2f", "name:zh-Hant": "\u5317\u5cf6\u6e2f", "seamark:harbour:category": "marina", "seamark:type": "harbour"}}]}