{"version": 0.6, "generator": "Overpass API 0.7.61.8 b1080abd", "osm3s": {"timestamp_osm_base": "2026-01-04T19:34:42Z", "copyright": "The data included in this document is from www.openstreetmap.org. The data is made available under ODbL."}, "elements": [{"type": "node", "id": 12922464425, "lat": 8.1946703, "lon": 113.3125176}, {"type": "node", "id": 12922464426, "lat": 8.2112913, "lon": 113.3355074}, {"type": "way", "id": 1396126462, "nodes": [12922464425, 12922464426], "tags": {"aeroway": "runway"}}]}