{"version": 0.6, "generator": "Overpass API 0.7.61.8 b1080abd", "osm3s": {"timestamp_osm_base": "2026-01-04T18:31:16Z", "copyright": "The data included in this document is from www.openstreetmap.org. The data is made available under ODbL."}, "elements": [{"type": "node", "id": 4948487578, "lat": 15.7831974, "lon": 111.1987652}, {"type": "node", "id": 4948487579, "lat": 15.7831537, "lon": 111.1991069}, {"type": "node", "id": 4948487580, "lat": 15.7828009, "lon": 111.199058}, {"type": "node", "id": 4948487581, "lat": 15.7828447, "lon": 111.1987164}, {"type": "node", "id": 6055151418, "lat": 15.7831139, "lon": 111.1987536}, {"type": "way", "id": 504718574, "nodes": [4948487578, 4948487579, 4948487580, 4948487581, 6055151418, 4948487578], "tags": {"aeroway": "helipad", "ref:ourairports": "CN-0327"}}]}