{"version": 0.6, "generator": "Overpass API 0.7.61.8 b1080abd", "osm3s": {"timestamp_osm_base": "2026-01-04T20:14:18Z", "copyright": "The data included in this document is from www.openstreetmap.org. The data is made available under ODbL."}, "elements": [{"type": "node", "id": 12304884640, "lat": 11.3773496, "lon": 114.2989825}, {"type": "node", "id": 12304884648, "lat": 11.3838349, "lon": 114.3021441}, {"type": "node", "id": 12998974971, "lat": 11.3819684, "lon": 114.3066803}, {"type": "node", "id": 12998974972, "lat": 11.3799911, "lon": 114.3068519}, {"type": "node", "id": 12998974973, "lat": 11.3783755, "lon": 114.3058305}, {"type": "node", "id": 12998974974, "lat": 11.3777108, "lon": 114.304277}, {"type": "node", "id": 12998974975, "lat": 11.3769058, "lon": 114.2999081}, {"type": "node", "id": 12998974976, "lat": 11.3772003, "lon": 114.3024916}, {"type": "way", "id": 1414619753, "nodes": [12304884648, 12304884640, 12998974975, 12998974976, 12998974974, 12998974973, 12998974972, 12998974971, 12304884648], "tags": {"leisure": "marina", "name": "\u00c2u t\u00e0u \u0110\u00e1 Nam", "seamark:harbour:category": "marina", "seamark:type": "harbour"}}]}