{"version": 0.6, "generator": "Overpass API 0.7.61.8 b1080abd", "osm3s": {"timestamp_osm_base": "2026-01-05T15:21:45Z", "copyright": "The data included in this document is from www.openstreetmap.org. The data is made available under ODbL."}, "elements": [{"type": "node", "id": 12722639489, "lat": 16.977235, "lon": 112.2683828, "tags": {"amenity": "ferry_terminal", "ferry": "yes", "name": "\u8d75\u8ff0\u5c9b\u7801\u5934", "name:vi": "B\u1ebfn t\u00e0u \u0110\u1ea3o Tri\u1ec7u Thu\u1eadt", "name:zh": "\u8d75\u8ff0\u5c9b\u7801\u5934", "name:zh-Hans": "\u8d75\u8ff0\u5c9b\u7801\u5934", "name:zh-Hant": "\u8d99\u8ff0\u5cf6\u78bc\u982d", "public_transport": "station"}}]}