{"version": 0.6, "generator": "Overpass API 0.7.61.8 b1080abd", "osm3s": {"timestamp_osm_base": "2026-01-04T19:51:59Z", "copyright": "The data included in this document is from www.openstreetmap.org. The data is made available under ODbL."}, "elements": [{"type": "node", "id": 9665516741, "lat": 9.9032035, "lon": 114.5635016}, {"type": "node", "id": 9665516742, "lat": 9.9030732, "lon": 114.56363}, {"type": "node", "id": 9665516743, "lat": 9.9031979, "lon": 114.5637604}, {"type": "node", "id": 9665516744, "lat": 9.9033282, "lon": 114.5636321}, {"type": "way", "id": 1051792702, "nodes": [9665516741, 9665516742, 9665516743, 9665516744, 9665516741], "tags": {"aeroway": "helipad"}}]}