{"version": 0.6, "generator": "Overpass API 0.7.61.8 b1080abd", "osm3s": {"timestamp_osm_base": "2026-01-04T18:29:15Z", "copyright": "The data included in this document is from www.openstreetmap.org. The data is made available under ODbL."}, "elements": [{"type": "node", "id": 136237925, "lat": 16.960437, "lon": 112.3143984}, {"type": "node", "id": 4856182091, "lat": 16.9605573, "lon": 112.3144231}, {"type": "node", "id": 7436662523, "lat": 16.9603196, "lon": 112.3150229}, {"type": "node", "id": 7436662524, "lat": 16.9604398, "lon": 112.3150476}, {"type": "node", "id": 12722639489, "lat": 16.977235, "lon": 112.2683828, "tags": {"amenity": "ferry_terminal", "ferry": "yes", "name": "\u8d75\u8ff0\u5c9b\u7801\u5934", "name:vi": "B\u1ebfn t\u00e0u \u0110\u1ea3o Tri\u1ec7u Thu\u1eadt", "name:zh": "\u8d75\u8ff0\u5c9b\u7801\u5934", "name:zh-Hans": "\u8d75\u8ff0\u5c9b\u7801\u5934", "name:zh-Hant": "\u8d99\u8ff0\u5cf6\u78bc\u982d", "public_transport": "station"}}, {"type": "node", "id": 12723930007, "lat": 16.9795824, "lon": 112.208546, "tags": {"amenity": "ferry_terminal", "ferry": "yes", "name": "\u897f\u6c99\u6d32\u7801\u5934", "name:vi": "B\u1ebfn t\u00e0u C\u1ed3n T\u00e2y Sa", "public_transport": "stop_position"}}, {"type": "way", "id": 795114280, "nodes": [4856182091, 7436662524, 7436662523, 136237925, 4856182091], "tags": {"amenity": "ferry_terminal", "ferry": "yes", "name": "\u5317\u5c9b\u7801\u5934", "name:vi": "B\u1ebfn t\u00e0u B\u1eafc \u0110\u1ea3o", "name:zh": "\u5317\u5c9b\u7801\u5934", "name:zh-Hans": "\u5317\u5c9b\u7801\u5934", "name:zh-Hant": "\u5317\u5cf6\u78bc\u982d", "public_transport": "station"}}]}