{"version": 0.6, "generator": "Overpass API 0.7.61.8 b1080abd", "osm3s": {"timestamp_osm_base": "2026-01-04T18:50:45Z", "copyright": "The data included in this document is from www.openstreetmap.org. The data is made available under ODbL."}, "elements": [{"type": "node", "id": 4277389667, "lat": 7.9669263, "lon": 113.9163836, "tags": {"aeroway": "helipad", "name": "Mariveles Reef Helipad"}}, {"type": "node", "id": 10735495156, "lat": 7.9669793, "lon": 113.9164345}, {"type": "node", "id": 10735495157, "lat": 7.9669856, "lon": 113.9163338}, {"type": "node", "id": 10735495158, "lat": 7.9668784, "lon": 113.916327}, {"type": "node", "id": 10735495159, "lat": 7.9668722, "lon": 113.9164276}, {"type": "way", "id": 1154328308, "nodes": [10735495156, 10735495157, 10735495158, 10735495159, 10735495156], "tags": {"aeroway": "helipad"}}]}