{"version": 0.6, "generator": "Overpass API 0.7.61.8 b1080abd", "osm3s": {"timestamp_osm_base": "2026-01-04T17:57:45Z", "copyright": "The data included in this document is from www.openstreetmap.org. The data is made available under ODbL."}, "elements": [{"type": "node", "id": 8588882079, "lat": 9.9081977, "lon": 114.4980907}, {"type": "node", "id": 8588882080, "lat": 9.9081705, "lon": 114.4984323}, {"type": "node", "id": 8588882105, "lat": 9.9084327, "lon": 114.4981099}, {"type": "node", "id": 8588882106, "lat": 9.9084052, "lon": 114.4984516}, {"type": "node", "id": 8589002195, "lat": 9.9094892, "lon": 114.4956825}, {"type": "node", "id": 8589002196, "lat": 9.9095333, "lon": 114.4959042}, {"type": "node", "id": 8589002197, "lat": 9.9097386, "lon": 114.4958621}, {"type": "node", "id": 8589002198, "lat": 9.9096945, "lon": 114.4956404}, {"type": "node", "id": 8589002338, "lat": 9.908525, "lon": 114.4981175}, {"type": "node", "id": 8589002339, "lat": 9.9084978, "lon": 114.4984592}, {"type": "node", "id": 11756016791, "lat": 9.9094917, "lon": 114.4956953}, {"type": "way", "id": 925477663, "nodes": [8589002338, 8588882105, 8588882079, 8588882080, 8588882106, 8589002339, 8589002338], "tags": {"aeroway": "helipad", "ref:ourairports": "CN-0324"}}, {"type": "way", "id": 925477672, "nodes": [8589002195, 11756016791, 8589002196, 8589002197, 8589002198, 8589002195], "tags": {"aeroway": "helipad"}}]}