{"version": 0.6, "generator": "Overpass API 0.7.61.8 b1080abd", "osm3s": {"timestamp_osm_base": "2026-01-04T20:21:35Z", "copyright": "The data included in this document is from www.openstreetmap.org. The data is made available under ODbL."}, "elements": [{"type": "node", "id": 3087952268, "lat": 8.6440245, "lon": 111.9210759, "tags": {"man_made": "tower", "tower:type": "observation"}}, {"type": "node", "id": 9742109591, "lat": 8.6482625, "lon": 111.9224374, "tags": {"man_made": "tower", "roof:shape": "pdome", "tower:construction": "dome", "tower:type": "radar"}}, {"type": "node", "id": 9742109592, "lat": 8.6480947, "lon": 111.9222792, "tags": {"man_made": "tower", "roof:shape": "pdome", "tower:construction": "dome", "tower:type": "radar"}}]}