{"version": 0.6, "generator": "Overpass API 0.7.61.8 b1080abd", "osm3s": {"timestamp_osm_base": "2026-01-04T17:56:45Z", "copyright": "The data included in this document is from www.openstreetmap.org. The data is made available under ODbL."}, "elements": [{"type": "node", "id": 5399367067, "lat": 10.2039136, "lon": 114.2244753}, {"type": "node", "id": 6958060383, "lat": 10.2043907, "lon": 114.2249571}, {"type": "node", "id": 7416408867, "lat": 10.2045809, "lon": 114.2250795}, {"type": "node", "id": 7416408868, "lat": 10.2046201, "lon": 114.225119}, {"type": "node", "id": 7680555365, "lat": 10.2045367, "lon": 114.2251045}, {"type": "node", "id": 7680555366, "lat": 10.204571, "lon": 114.2250694}, {"type": "node", "id": 7680555367, "lat": 10.2048875, "lon": 114.2248455}, {"type": "node", "id": 7680555368, "lat": 10.2052021, "lon": 114.2251631}, {"type": "node", "id": 7680555369, "lat": 10.2040437, "lon": 114.2263477}, {"type": "node", "id": 7680555370, "lat": 10.2037747, "lon": 114.226076}, {"type": "node", "id": 7680555371, "lat": 10.2030569, "lon": 114.2253513}, {"type": "way", "id": 822581380, "nodes": [5399367067, 6958060383, 7680555365, 7680555366, 7416408867, 7416408868, 7680555367, 7680555368, 7680555369, 7680555370, 7680555371, 5399367067], "tags": {"leisure": "marina", "name": "\u5357\u85b0\u5c9b\u6e2f", "operator": "PLA", "seamark:harbour:category": "marina", "seamark:type": "harbour"}}]}