{"version": 0.6, "generator": "Overpass API 0.7.61.8 b1080abd", "osm3s": {"timestamp_osm_base": "2026-01-04T18:10:58Z", "copyright": "The data included in this document is from www.openstreetmap.org. The data is made available under ODbL."}, "elements": [{"type": "node", "id": 12423513865, "lat": 10.9343156, "lon": 114.0777086, "tags": {"aeroway": "helipad"}}, {"type": "node", "id": 12423513866, "lat": 10.9343058, "lon": 114.0767353, "tags": {"aeroway": "helipad"}}, {"type": "node", "id": 12423513867, "lat": 10.9331247, "lon": 114.0760465, "tags": {"aeroway": "helipad"}}, {"type": "node", "id": 12423513868, "lat": 10.9336393, "lon": 114.0772893, "tags": {"aeroway": "helipad"}}]}