{"version": 0.6, "generator": "Overpass API 0.7.61.8 b1080abd", "osm3s": {"timestamp_osm_base": "2026-01-04T18:28:14Z", "copyright": "The data included in this document is from www.openstreetmap.org. The data is made available under ODbL."}, "elements": [{"type": "node", "id": 136212588, "lat": 16.9780239, "lon": 112.2660952}, {"type": "node", "id": 136231551, "lat": 16.9780257, "lon": 112.2682865}, {"type": "node", "id": 136236322, "lat": 16.9762391, "lon": 112.2682863}, {"type": "node", "id": 136237925, "lat": 16.960437, "lon": 112.3143984}, {"type": "node", "id": 4140405320, "lat": 16.9587627, "lon": 112.3130164}, {"type": "node", "id": 6418132721, "lat": 16.9762477, "lon": 112.2660939}, {"type": "node", "id": 6418132725, "lat": 16.975971, "lon": 112.2678618}, {"type": "node", "id": 7417786947, "lat": 16.977756, "lon": 112.2682863}, {"type": "node", "id": 7417786949, "lat": 16.9764732, "lon": 112.2682863}, {"type": "node", "id": 7436662523, "lat": 16.9603196, "lon": 112.3150229}, {"type": "node", "id": 8305689044, "lat": 16.9750547, "lon": 112.2665566}, {"type": "node", "id": 8968583883, "lat": 16.9579274, "lon": 112.3144108}, {"type": "node", "id": 8968583884, "lat": 16.9604838, "lon": 112.3139088}, {"type": "node", "id": 8968583885, "lat": 16.9601156, "lon": 112.3154526}, {"type": "node", "id": 8968583886, "lat": 16.9603698, "lon": 112.3143869}, {"type": "node", "id": 8968583887, "lat": 16.9602223, "lon": 112.3150051}, {"type": "node", "id": 12696992428, "lat": 16.9780222, "lon": 112.267036}, {"type": "node", "id": 12696992429, "lat": 16.9780248, "lon": 112.2672272}, {"type": "node", "id": 12696992430, "lat": 16.9778776, "lon": 112.267069}, {"type": "node", "id": 12696992431, "lat": 16.9778776, "lon": 112.2671961}, {"type": "node", "id": 12697035940, "lat": 16.9778216, "lon": 112.2682863}, {"type": "node", "id": 12719339565, "lat": 16.9759941, "lon": 112.267926}, {"type": "node", "id": 12719339566, "lat": 16.9760077, "lon": 112.267916}, {"type": "node", "id": 12722639490, "lat": 16.9771146, "lon": 112.2682863}, {"type": "node", "id": 12722639491, "lat": 16.9778776, "lon": 112.2671326, "tags": {"leisure": "slipway"}}, {"type": "way", "id": 893650522, "nodes": [136212588, 6418132721, 8305689044, 6418132725, 12719339566, 12719339565, 136236322, 7417786949, 12722639490, 7417786947, 12697035940, 136231551, 12696992429, 12696992431, 12722639491, 12696992430, 12696992428, 136212588], "tags": {"leisure": "marina", "name": "\u8d75\u8ff0\u6e2f", "name:en": "Tree Island Port", "name:nan": "Ti\u014d-su\u030dt-k\u00e1ng", "name:nan-Hans": "\u8d75\u8ff0\u6e2f", "name:nan-Latn-pehoeji": "Ti\u014d-su\u030dt--k\u00e1ng", "name:nan-Latn-tailo": "Ti\u014d-su\u030dt--k\u00e1ng", "name:vi": "Tri\u1ec7u Thu\u1eadt", "name:zh": "\u8d75\u8ff0\u6e2f", "name:zh-Hans": "\u8d75\u8ff0\u6e2f", "name:zh-Hant": "\u8d99\u8ff0\u6e2f", "seamark:harbour:category": "marina", "seamark:type": "harbour"}}, {"type": "way", "id": 969249182, "nodes": [4140405320, 8968583884, 8968583886, 136237925, 7436662523, 8968583887, 8968583885, 8968583883, 4140405320], "tags": {"leisure": "marina", "name": "\u5317\u5c9b\u6e2f", "name:zh": "\u5317\u5c9b\u6e2f", "name:zh-Hans": "\u5317\u5c9b\u6e2f", "name:zh-Hant": "\u5317\u5cf6\u6e2f", "seamark:harbour:category": "marina", "seamark:type": "harbour"}}]}