{"version": 0.6, "generator": "Overpass API 0.7.61.8 b1080abd", "osm3s": {"timestamp_osm_base": "2026-01-04T18:53:51Z", "copyright": "The data included in this document is from www.openstreetmap.org. The data is made available under ODbL."}, "elements": [{"type": "node", "id": 9523333568, "lat": 7.3689535, "lon": 113.8388099}, {"type": "node", "id": 9523333569, "lat": 7.37436, "lon": 113.8497385}, {"type": "node", "id": 11027755935, "lat": 7.37069, "lon": 113.8423201}, {"type": "node", "id": 11027755936, "lat": 7.3725524, "lon": 113.8460846}, {"type": "node", "id": 11027755940, "lat": 7.3725907, "lon": 113.8461621}, {"type": "node", "id": 11027755941, "lat": 7.3742335, "lon": 113.8494828}, {"type": "way", "id": 1033702610, "nodes": [9523333569, 11027755941, 11027755940, 11027755936, 11027755935, 9523333568], "tags": {"aeroway": "runway", "length": "1366", "ref": "06/24", "width": "28"}}]}