{"version": 0.6, "generator": "Overpass API 0.7.61.8 b1080abd", "osm3s": {"timestamp_osm_base": "2026-01-04T18:44:45Z", "copyright": "The data included in this document is from www.openstreetmap.org. The data is made available under ODbL."}, "elements": [{"type": "node", "id": 8593635244, "lat": 7.6064793, "lon": 113.9304194}, {"type": "node", "id": 8593635245, "lat": 7.6063794, "lon": 113.9304161}, {"type": "node", "id": 8593635246, "lat": 7.6063832, "lon": 113.9303003}, {"type": "node", "id": 8593635247, "lat": 7.6064831, "lon": 113.9303036}, {"type": "way", "id": 926022200, "nodes": [8593635247, 8593635246, 8593635245, 8593635244, 8593635247], "tags": {"aeroway": "helipad"}}]}