{"version": 0.6, "generator": "Overpass API 0.7.61.8 b1080abd", "osm3s": {"timestamp_osm_base": "2026-01-04T20:17:27Z", "copyright": "The data included in this document is from www.openstreetmap.org. The data is made available under ODbL."}, "elements": [{"type": "node", "id": 5808893418, "lat": 11.4295796, "lon": 114.331187, "tags": {"man_made": "tower", "tower:type": "communication"}}, {"type": "node", "id": 5808893451, "lat": 11.4275132, "lon": 114.3294798, "tags": {"man_made": "tower", "tower:type": "watchtower"}}, {"type": "node", "id": 5808893473, "lat": 11.4316427, "lon": 114.3301034, "tags": {"man_made": "tower", "tower:type": "watchtower"}}, {"type": "node", "id": 6822018375, "lat": 11.4304387, "lon": 114.3334424}, {"type": "node", "id": 6822018376, "lat": 11.4304204, "lon": 114.3334514}, {"type": "node", "id": 6822018377, "lat": 11.4304051, "lon": 114.3334649}, {"type": "node", "id": 6822018378, "lat": 11.4303937, "lon": 114.333482}, {"type": "node", "id": 6822018379, "lat": 11.4303872, "lon": 114.3335015}, {"type": "node", "id": 6822018380, "lat": 11.4303858, "lon": 114.3335222}, {"type": "node", "id": 6822018381, "lat": 11.4303899, "lon": 114.3335424}, {"type": "node", "id": 6822018382, "lat": 11.430399, "lon": 114.3335609}, {"type": "node", "id": 6822018383, "lat": 11.4304125, "lon": 114.3335763}, {"type": "node", "id": 6822018384, "lat": 11.4304295, "lon": 114.3335876}, {"type": "node", "id": 6822020985, "lat": 11.4304488, "lon": 114.3335939}, {"type": "node", "id": 6822020986, "lat": 11.430469, "lon": 114.3335949}, {"type": "node", "id": 6822020987, "lat": 11.4304888, "lon": 114.3335904}, {"type": "node", "id": 6822020988, "lat": 11.4305051, "lon": 114.3335819}, {"type": "node", "id": 6822020989, "lat": 11.4305189, "lon": 114.3335697}, {"type": "node", "id": 6822020990, "lat": 11.4305296, "lon": 114.3335546}, {"type": "node", "id": 6822020991, "lat": 11.4305364, "lon": 114.3335373}, {"type": "node", "id": 6822020992, "lat": 11.4305391, "lon": 114.3335189}, {"type": "node", "id": 6822020993, "lat": 11.4305374, "lon": 114.3335003}, {"type": "node", "id": 6822020994, "lat": 11.4305314, "lon": 114.3334827}, {"type": "node", "id": 6822020995, "lat": 11.4305215, "lon": 114.333467}, {"type": "node", "id": 6822020996, "lat": 11.4305083, "lon": 114.3334542}, {"type": "node", "id": 6822020997, "lat": 11.4304924, "lon": 114.3334449}, {"type": "node", "id": 6822020998, "lat": 11.4304749, "lon": 114.3334397}, {"type": "node", "id": 6822020999, "lat": 11.4304566, "lon": 114.3334388}, {"type": "node", "id": 9742498115, "lat": 11.4295915, "lon": 114.3308966, "tags": {"man_made": "tower", "tower:type": "communication"}}, {"type": "node", "id": 9742504128, "lat": 11.4306783, "lon": 114.3332105, "tags": {"building": "yes", "man_made": "tower", "roof:shape": "dome", "tower:construction": "dome", "tower:type": "radar"}}, {"type": "way", "id": 727986019, "nodes": [6822018375, 6822018376, 6822018377, 6822018378, 6822018379, 6822018380, 6822018381, 6822018382, 6822018383, 6822018384, 6822020985, 6822020986, 6822020987, 6822020988, 6822020989, 6822020990, 6822020991, 6822020992, 6822020993, 6822020994, 6822020995, 6822020996, 6822020997, 6822020998, 6822020999, 6822018375], "tags": {"building": "yes", "man_made": "tower", "roof:shape": "dome", "tower:construction": "dome", "tower:type": "radar"}}]}